time,frequency,confidence
0.000,123.671,0.237712
0.010,36.038,0.021007
0.020,35.463,0.054730
0.030,34.928,0.231966
0.040,34.483,0.414062
0.050,34.982,0.183982
0.060,36.871,0.339262
0.070,37.244,0.626698
0.080,37.290,0.274463
0.090,47.343,0.025308
0.100,53.700,0.008163
0.110,32.208,0.018101
0.120,32.652,0.039594
0.130,33.562,0.056419
0.140,34.599,0.184488
0.150,34.724,0.151971
0.160,34.304,0.297172
0.170,33.992,0.213791
0.180,33.013,0.030068
0.190,32.797,0.022012
0.200,32.857,0.066942
0.210,34.062,0.273254
0.220,32.323,0.015827
0.230,32.066,0.030948
0.240,56.055,0.022805
0.250,55.215,0.110040
0.260,54.436,0.027540
0.270,32.623,0.040275
0.280,32.908,0.021257
0.290,54.086,0.015002
0.300,49.838,0.062106
0.310,49.602,0.068247
0.320,32.264,0.085968
0.330,32.654,0.219916
0.340,33.965,0.027569
0.350,41.712,0.019618
0.360,48.528,0.012198
0.370,50.280,0.305771
0.380,32.200,0.087056
0.390,32.263,0.055801
0.400,32.380,0.022986
0.410,32.467,0.072562
0.420,32.300,0.272919
0.430,32.926,0.238901
0.440,32.509,0.092227
0.450,32.650,0.480083
0.460,33.405,0.621855
0.470,34.133,0.428280
0.480,43.316,0.056692
0.490,54.824,0.019005
0.500,32.308,0.015288
0.510,32.387,0.043427
0.520,40.122,0.074304
0.530,40.215,0.089005
0.540,32.621,0.090169
0.550,32.878,0.193493
0.560,33.050,0.061547
0.570,333.199,0.034781
0.580,274.255,0.033073
0.590,268.554,0.059853
0.600,266.077,0.118916
0.610,33.074,0.172650
0.620,33.210,0.034924
0.630,35.476,0.062149
0.640,35.522,0.021248
0.650,35.403,0.032982
0.660,35.753,0.024679
0.670,35.628,0.065123
0.680,390.923,0.023390
0.690,390.694,0.045378
0.700,662.727,0.029134
0.710,32.418,0.007937
0.720,42.607,0.026625
0.730,36.288,0.022508
0.740,32.315,0.019118
0.750,32.990,0.066687
0.760,33.438,0.284724
0.770,33.976,0.183787
0.780,34.082,0.048114
0.790,34.333,0.067369
0.800,52.349,0.050098
0.810,51.575,0.064685
0.820,50.243,0.087032
0.830,50.589,0.095356
0.840,36.085,0.323529
0.850,32.289,0.215775
0.860,32.106,0.044125
0.870,1724.425,0.012144
0.880,323.499,0.016619
0.890,1751.926,0.035386
0.900,1297.264,0.032279
0.910,1709.297,0.038535
0.920,1284.799,0.050056
0.930,1284.853,0.051837
0.940,1285.809,0.024728
0.950,1188.258,0.021130
0.960,1161.320,0.024377
0.970,1138.263,0.010243
0.980,1116.578,0.008640
0.990,1111.787,0.005675
1.000,1100.693,0.002598
1.010,1089.715,0.002273
1.020,1083.015,0.002374
1.030,1065.153,0.002324
1.040,1983.574,0.001975
1.050,1977.637,0.004358
1.060,1974.661,0.005633
1.070,1969.545,0.006244
1.080,1956.757,0.011216
1.090,1952.805,0.008223
1.100,1942.748,0.006688
1.110,1943.687,0.007747
1.120,1935.932,0.003924
1.130,1929.339,0.002801
1.140,1920.435,0.003908
1.150,1914.764,0.006887
1.160,1913.700,0.005914
1.170,1418.236,0.002979
1.180,1933.948,0.004940
1.190,1939.810,0.011066
1.200,1963.837,0.009288
1.210,1962.329,0.009247
1.220,1332.596,0.005983
1.230,1919.947,0.012789
1.240,1906.554,0.009528
1.250,1328.131,0.015939
1.260,1873.446,0.010248
1.270,1240.574,0.012802
1.280,1247.879,0.029392
1.290,1245.347,0.024671
1.300,1224.331,0.020819
1.310,1326.998,0.014693
1.320,1308.045,0.007388
1.330,1289.642,0.008572
1.340,1298.574,0.022286
1.350,1290.226,0.022201
1.360,1661.418,0.020713
1.370,1692.445,0.021263
1.380,655.978,0.023969
1.390,657.000,0.079565
1.400,656.953,0.085596
1.410,1627.338,0.041202
1.420,1179.641,0.060019
1.430,1172.957,0.045059
1.440,577.413,0.039765
1.450,578.455,0.024629
1.460,1147.001,0.008547
1.470,1128.581,0.003796
1.480,554.942,0.002506
1.490,550.365,0.001448
1.500,1088.036,0.001310
1.510,1077.734,0.001577
1.520,1072.398,0.001621
1.530,1063.321,0.001684
1.540,1057.130,0.001553
1.550,1056.155,0.001432
1.560,1979.632,0.003247
1.570,1974.822,0.003979
1.580,1972.263,0.006517
1.590,1960.884,0.009196
1.600,1953.567,0.007038
1.610,1943.449,0.005977
1.620,1934.344,0.007155
1.630,1905.035,0.002776
1.640,1874.821,0.002111
1.650,1854.312,0.000859
1.660,1805.872,0.000339
1.670,1774.915,0.000625
1.680,1757.439,0.001799
1.690,1745.572,0.005352
1.700,1731.301,0.007953
1.710,1713.741,0.008869
1.720,1699.123,0.016128
1.730,1685.573,0.017233
1.740,1670.690,0.009156
1.750,1660.588,0.007342
1.760,1658.157,0.002718
1.770,1109.370,0.001668
1.780,1169.518,0.001489
1.790,585.467,0.004649
1.800,587.298,0.014363
1.810,589.239,0.023371
1.820,591.789,0.017283
1.830,590.630,0.025770
1.840,1038.234,0.015584
1.850,1035.677,0.014665
1.860,1029.692,0.008464
1.870,997.811,0.005701
1.880,980.707,0.010702
1.890,973.985,0.011204
1.900,1443.185,0.009096
1.910,1440.007,0.009486
1.920,1441.694,0.005045
1.930,1046.843,0.003595
1.940,1043.509,0.006574
1.950,981.607,0.022373
1.960,32.105,0.006259
1.970,1080.127,0.010773
1.980,1093.721,0.009957
1.990,1114.447,0.008375
2.000,1080.804,0.007395
2.010,1164.969,0.010067
2.020,1973.112,0.011312
2.030,1969.465,0.007699
2.040,980.386,0.007686
2.050,1954.492,0.009562
2.060,1953.022,0.014753
2.070,1970.792,0.059191
2.080,1973.270,0.039849
2.090,1958.511,0.014856
2.100,975.730,0.005492
2.110,1072.574,0.007199
2.120,1959.102,0.014225
2.130,1966.153,0.027982
2.140,1959.983,0.007236
2.150,1965.275,0.005438
2.160,1971.451,0.007997
2.170,1967.611,0.005983
2.180,1971.427,0.008297
2.190,1968.483,0.005867
2.200,978.418,0.002984
2.210,973.562,0.005016
2.220,1973.747,0.021129
2.230,1976.683,0.098701
2.240,1977.103,0.101391
2.250,1963.708,0.017710
2.260,1964.229,0.011530
2.270,1967.968,0.017674
2.280,1974.222,0.035239
2.290,1972.526,0.025710
2.300,1955.669,0.008803
2.310,974.570,0.009141
2.320,1952.214,0.015036
2.330,1979.117,0.052086
2.340,1977.264,0.049521
2.350,1961.051,0.015752
2.360,1952.614,0.005889
2.370,977.297,0.010587
2.380,1175.060,0.015567
2.390,1969.293,0.016655
2.400,1971.647,0.014196
2.410,1226.622,0.016811
2.420,1191.774,0.015053
2.430,1188.594,0.026364
2.440,1224.302,0.035147
2.450,1974.228,0.037041
2.460,1951.732,0.011018
2.470,1299.567,0.007325
2.480,1242.953,0.013578
2.490,50.015,0.035066
2.500,52.371,0.034534
2.510,54.179,0.030801
2.520,34.782,0.149876
2.530,34.866,0.015820
2.540,1175.581,0.008979
2.550,33.322,0.030242
2.560,32.260,0.018763
2.570,49.395,0.014634
2.580,32.164,0.017723
2.590,32.312,0.041852
2.600,32.556,0.053954
2.610,34.212,0.039443
2.620,33.448,0.171666
2.630,33.024,0.052027
2.640,35.187,0.011574
2.650,34.201,0.038421
2.660,39.246,0.052481
2.670,33.896,0.057948
2.680,44.451,0.014615
2.690,54.989,0.047129
2.700,33.584,0.019574
2.710,48.707,0.013624
2.720,32.443,0.004144
2.730,32.998,0.162843
2.740,32.907,0.154834
2.750,32.859,0.123577
2.760,32.379,0.080523
2.770,32.168,0.051984
2.780,36.398,0.063733
2.790,32.412,0.011134
2.800,32.245,0.017166
2.810,32.300,0.018266
2.820,32.230,0.065811
2.830,32.556,0.105150
2.840,34.047,0.161069
2.850,34.158,0.299364
2.860,33.565,0.342191
2.870,33.255,0.044133
2.880,33.697,0.005854
2.890,39.279,0.052928
2.900,40.297,0.105614
2.910,33.390,0.093106
2.920,33.186,0.044202
2.930,40.731,0.093967
2.940,54.462,0.083956
2.950,37.862,0.076052
2.960,39.198,0.024536
2.970,39.332,0.137995
2.980,38.653,0.023474
2.990,32.918,0.086369
3.000,32.893,0.249531
3.010,32.663,0.020686
3.020,1175.692,0.010178
3.030,1181.848,0.003816
3.040,52.492,0.034334
3.050,51.842,0.033964
3.060,51.110,0.012123
3.070,49.289,0.002576
3.080,35.315,0.035704
3.090,40.022,0.018342
3.100,39.614,0.047810
3.110,32.760,0.070755
3.120,33.177,0.047352
3.130,33.063,0.198734
3.140,32.540,0.145447
3.150,32.153,0.323866
3.160,32.346,0.053968
3.170,37.642,0.043745
3.180,46.559,0.075303
3.190,33.081,0.091252
3.200,32.831,0.237372
3.210,34.005,0.129938
3.220,35.718,0.039075
3.230,42.597,0.240686
3.240,42.814,0.084898
3.250,33.035,0.061870
3.260,41.833,0.200118
3.270,41.164,0.182298
3.280,40.802,0.218067
3.290,34.442,0.451369
3.300,34.617,0.140443
3.310,33.012,0.050563
3.320,33.063,0.079552
3.330,33.418,0.025837
3.340,33.409,0.108731
3.350,33.239,0.186301
3.360,33.592,0.503098
3.370,33.412,0.142987
3.380,33.433,0.031364
3.390,33.291,0.015884
3.400,32.349,0.009487
3.410,32.413,0.007980
3.420,32.278,0.029771
3.430,32.269,0.012435
3.440,120.242,0.008797
3.450,180.098,0.015750
3.460,41.596,0.262312
3.470,41.357,0.026415
3.480,32.429,0.043444
3.490,32.115,0.030127
3.500,32.189,0.026679
3.510,32.066,0.062046
3.520,32.188,0.011565
3.530,54.262,0.005511
3.540,32.345,0.009096
3.550,32.592,0.057693
3.560,39.456,0.134611
3.570,39.488,0.152727
3.580,54.771,0.032217
3.590,54.297,0.035010
3.600,44.408,0.100161
3.610,43.659,0.364945
3.620,46.613,0.462048
3.630,46.285,0.095429
3.640,34.104,0.307144
3.650,33.338,0.595137
3.660,33.248,0.217797
3.670,32.305,0.221940
3.680,32.543,0.174739
3.690,39.179,0.073286
3.700,39.456,0.197948
3.710,41.184,0.257160
3.720,40.426,0.451388
3.730,35.312,0.059600
3.740,35.552,0.214855
3.750,35.320,0.159534
3.760,33.296,0.166321
3.770,33.657,0.098347
3.780,39.952,0.166453
3.790,40.637,0.285343
3.800,41.218,0.076421
3.810,50.241,0.149220
3.820,34.285,0.343471
3.830,34.610,0.339447
3.840,55.187,0.105764
3.850,54.931,0.241412
3.860,33.606,0.072988
3.870,84.494,0.106772
3.880,85.169,0.058199
3.890,35.378,0.015919
3.900,35.593,0.570755
3.910,35.337,0.316046
3.920,38.628,0.342597
3.930,38.923,0.595096
3.940,39.584,0.388975
3.950,51.523,0.043246
3.960,35.451,0.025849
3.970,35.606,0.225482
3.980,38.628,0.084171
3.990,38.990,0.063703
4.000,39.496,0.015753
4.010,166.877,0.008610
4.020,32.981,0.011604
4.030,1221.763,0.003779
4.040,42.940,0.020244
4.050,33.752,0.041655
4.060,35.935,0.179790
4.070,34.046,0.232953
4.080,35.425,0.116385
4.090,34.715,0.119673
4.100,34.292,0.009320
4.110,48.765,0.033645
4.120,32.185,0.031958
4.130,32.148,0.031236
4.140,44.538,0.040386
4.150,52.411,0.085746
4.160,52.520,0.065168
4.170,33.040,0.074274
4.180,33.658,0.118642
4.190,34.298,0.132790
4.200,33.728,0.261225
4.210,33.259,0.472051
4.220,32.427,0.263942
4.230,32.259,0.067067
4.240,32.275,0.025291
4.250,40.355,0.185407
4.260,40.483,0.277661
4.270,39.545,0.335803
4.280,38.860,0.076513
4.290,43.275,0.022970
4.300,43.154,0.073190
4.310,36.929,0.098264
4.320,43.733,0.057120
4.330,44.576,0.036903
4.340,44.509,0.087461
4.350,33.133,0.025017
4.360,33.084,0.198772
4.370,32.779,0.350434
4.380,42.215,0.084205
4.390,42.898,0.111423
4.400,33.597,0.035058
4.410,33.379,0.401605
4.420,33.537,0.485785
4.430,33.033,0.262208
4.440,32.397,0.148238
4.450,35.283,0.060943
4.460,35.584,0.200891
4.470,36.336,0.229992
4.480,35.461,0.184496
4.490,34.349,0.245618
4.500,33.860,0.340604
4.510,33.490,0.205744
4.520,46.540,0.062214
4.530,35.629,0.229374
4.540,35.672,0.118343
4.550,40.537,0.025162
4.560,54.536,0.044172
4.570,32.264,0.010492
4.580,398.747,0.018158
4.590,587.974,0.074413
4.600,592.467,0.097579
4.610,597.252,0.063447
4.620,597.744,0.101915
4.630,353.546,0.065175
4.640,50.413,0.158631
4.650,32.375,0.087088
4.660,36.114,0.399432
4.670,35.775,0.219938
4.680,37.478,0.032233
4.690,39.777,0.017196
4.700,37.985,0.034536
4.710,37.600,0.052019
4.720,51.887,0.044983
4.730,32.428,0.038090
4.740,33.071,0.035013
4.750,33.617,0.035818
4.760,34.267,0.022957
4.770,35.387,0.009922
4.780,32.352,0.006479
4.790,33.197,0.020153
4.800,32.578,0.092187
4.810,32.420,0.523601
4.820,32.793,0.382903
4.830,34.816,0.407908
4.840,34.992,0.487416
4.850,35.250,0.063851
4.860,36.131,0.007107
4.870,32.344,0.014152
4.880,32.894,0.058351
4.890,33.065,0.455066
4.900,32.800,0.529454
4.910,33.005,0.235389
4.920,33.406,0.037709
4.930,33.927,0.096124
4.940,33.934,0.203759
4.950,33.242,0.160530
4.960,33.057,0.177971
4.970,81.236,0.028102
4.980,55.766,0.011947
4.990,32.255,0.009643
5.000,32.419,0.066036
5.010,51.012,0.028001
5.020,50.783,0.026745
5.030,32.330,0.046327
5.040,34.493,0.130225
5.050,34.538,0.420859
5.060,39.542,0.337818
5.070,39.453,0.163972
5.080,39.651,0.021320
5.090,54.401,0.004851
5.100,134.797,0.010608
5.110,48.074,0.025341
5.120,55.506,0.057597
5.130,36.749,0.154192
5.140,37.183,0.509598
5.150,36.817,0.686260
5.160,36.821,0.233472
5.170,43.196,0.028748
5.180,38.052,0.033488
5.190,32.110,0.158641
5.200,32.177,0.133662
5.210,32.336,0.314662
5.220,32.425,0.345285
5.230,32.709,0.488033
5.240,32.972,0.126366
5.250,32.808,0.015593
5.260,39.618,0.100731
5.270,37.991,0.064166
5.280,36.227,0.039222
5.290,55.707,0.026430
5.300,32.789,0.094655
5.310,32.787,0.059679
5.320,32.812,0.093335
5.330,32.739,0.020098
5.340,33.094,0.048569
5.350,41.119,0.069189
5.360,41.550,0.545157
5.370,41.242,0.578679
5.380,41.309,0.156809
5.390,36.142,0.020955
5.400,33.476,0.011667
5.410,85.576,0.022727
5.420,39.072,0.054759
5.430,271.111,0.038197
5.440,33.700,0.052132
5.450,49.533,0.143545
5.460,252.779,0.170798
5.470,32.240,0.154023
5.480,32.824,0.049178
5.490,32.622,0.137606
5.500,32.431,0.316760
5.510,33.092,0.300094
5.520,33.428,0.631730
5.530,33.003,0.557307
5.540,33.070,0.023894
5.550,56.195,0.017020
5.560,55.392,0.018121
5.570,33.483,0.044077
5.580,33.931,0.275359
5.590,34.006,0.074403
5.600,44.479,0.039665
5.610,45.081,0.135374
5.620,46.250,0.116210
5.630,46.129,0.058223
5.640,48.517,0.007191
5.650,119.989,0.012559
5.660,120.145,0.028059
5.670,52.002,0.038689
5.680,51.356,0.094497
5.690,52.328,0.151491
5.700,163.160,0.063095
5.710,33.170,0.069529
5.720,36.090,0.030037
5.730,55.828,0.004377
5.740,54.795,0.002454
5.750,32.646,0.013772
5.760,33.484,0.156307
5.770,34.284,0.100899
5.780,48.541,0.027758
5.790,48.716,0.010094
5.800,32.163,0.035048
5.810,32.145,0.011099
5.820,32.267,0.007287
5.830,33.084,0.082304
5.840,35.882,0.126643
5.850,40.611,0.042009
5.860,35.509,0.029457
5.870,35.176,0.358003
5.880,35.225,0.080752
5.890,35.635,0.107304
5.900,35.484,0.043529
5.910,35.055,0.011750
5.920,456.005,0.002764
5.930,1401.633,0.013933
5.940,1430.195,0.034609
5.950,253.740,0.139073
5.960,81.682,0.013744
5.970,305.540,0.010656
5.980,33.049,0.052162
5.990,33.004,0.153687
6.000,362.457,0.024436
6.010,32.349,0.010168
6.020,32.466,0.064006
6.030,32.500,0.267033
6.040,32.454,0.137032
6.050,32.780,0.054633
6.060,33.900,0.037447
6.070,38.830,0.217818
6.080,33.608,0.028602
6.090,44.873,0.326405
6.100,32.789,0.259936
6.110,32.308,0.274110
6.120,32.232,0.229822
6.130,32.305,0.480712
6.140,32.463,0.089777
6.150,35.345,0.022428
6.160,36.169,0.020892
6.170,35.431,0.013660
6.180,49.370,0.015955
6.190,35.003,0.036011
6.200,39.893,0.164551
6.210,40.291,0.118609
6.220,39.996,0.042997
6.230,81.612,0.022259
6.240,43.802,0.031301
6.250,43.559,0.023620
6.260,32.940,0.099381
6.270,35.909,0.122017
6.280,36.554,0.118465
6.290,36.222,0.168998
6.300,35.842,0.032494
6.310,33.451,0.056694
6.320,33.321,0.081813
6.330,33.501,0.063882
6.340,33.635,0.153066
6.350,33.841,0.253878
6.360,33.791,0.515393
6.370,32.557,0.292590
6.380,32.006,0.239557
6.390,31.927,0.109645
6.400,56.094,0.010147
6.410,57.789,0.021337
6.420,35.873,0.094464
6.430,32.355,0.035883
6.440,55.758,0.037952
6.450,32.461,0.008305
6.460,99.653,0.039628
6.470,137.945,0.065911
6.480,140.559,0.046501
6.490,39.933,0.035615
6.500,33.203,0.075942
6.510,33.197,0.548094
6.520,33.390,0.411325
6.530,33.546,0.361887
6.540,32.985,0.415211
6.550,32.573,0.052746
6.560,56.469,0.011936
6.570,35.592,0.018028
6.580,37.586,0.020521
6.590,43.276,0.020640
6.600,49.330,0.008131
6.610,33.925,0.019445
6.620,33.918,0.719394
6.630,33.462,0.306708
6.640,32.722,0.065403
6.650,37.385,0.063573
6.660,32.991,0.074531
6.670,32.818,0.428840
6.680,32.757,0.326279
6.690,32.973,0.014295
6.700,33.451,0.261471
6.710,33.222,0.226937
6.720,34.211,0.019100
6.730,44.439,0.027085
6.740,44.065,0.093598
6.750,43.798,0.045945
6.760,34.835,0.151512
6.770,33.329,0.141852
6.780,33.277,0.032539
6.790,34.308,0.099694
6.800,35.333,0.023746
6.810,50.201,0.010202
6.820,49.934,0.025055
6.830,42.220,0.007245
6.840,40.580,0.023748
6.850,32.323,0.040027
6.860,32.694,0.112329
6.870,32.813,0.054257
6.880,33.334,0.051504
6.890,32.235,0.089577
6.900,35.889,0.174336
6.910,35.478,0.164473
6.920,36.728,0.228705
6.930,37.106,0.269170
6.940,36.157,0.261253
6.950,34.746,0.324302
6.960,33.216,0.554188
6.970,32.597,0.504804
6.980,62.764,0.394969
6.990,63.384,0.151910
7.000,32.941,0.097410
7.010,33.235,0.095944
7.020,39.923,0.163854
7.030,40.655,0.050881
7.040,32.614,0.083824
7.050,32.332,0.073628
7.060,32.272,0.088746
7.070,46.527,0.030215
7.080,45.571,0.046330
7.090,34.958,0.013388
7.100,163.632,0.010888
7.110,1853.649,0.020135
7.120,1860.509,0.040148
7.130,33.459,0.212008
7.140,33.832,0.051407
7.150,33.799,0.079129
7.160,162.842,0.020974
7.170,141.047,0.016291
7.180,145.772,0.022577
7.190,139.093,0.013191
7.200,138.019,0.029291
7.210,1214.463,0.006980
7.220,1305.891,0.017155
7.230,1337.954,0.011191
7.240,1371.468,0.005857
7.250,49.525,0.013102
7.260,34.909,0.031799
7.270,1315.211,0.001996
7.280,32.276,0.005919
7.290,32.152,0.002664
7.300,1162.592,0.024611
7.310,1160.058,0.023022
7.320,1162.967,0.056805
7.330,1170.338,0.029989
7.340,1003.808,0.010928
7.350,981.200,0.012692
7.360,54.598,0.045538
7.370,53.564,0.061554
7.380,52.310,0.062241
7.390,972.063,0.033437
7.400,997.706,0.029607
7.410,1976.915,0.019361
7.420,33.358,0.019839
7.430,32.641,0.237589
7.440,32.739,0.094300
7.450,33.041,0.009950
7.460,56.222,0.003440
7.470,55.769,0.002844
7.480,984.154,0.003478
7.490,1225.405,0.004561
7.500,1009.602,0.007874
7.510,1740.106,0.022698
7.520,32.320,0.008303
7.530,1854.365,0.004642
7.540,396.688,0.035503
7.550,393.208,0.083993
7.560,1925.801,0.022987
7.570,1217.850,0.008819
7.580,1201.799,0.002896
7.590,1185.013,0.006030
7.600,1835.930,0.007237
7.610,46.858,0.096386
7.620,47.314,0.029359
7.630,47.726,0.021588
7.640,1617.659,0.007343
7.650,32.214,0.004356
7.660,41.087,0.029855
7.670,43.892,0.017244
7.680,44.874,0.002963
7.690,55.843,0.010300
7.700,1322.254,0.019261
7.710,1296.813,0.014902
7.720,1297.727,0.012525
7.730,1310.427,0.010390
7.740,1962.868,0.013457
7.750,1967.785,0.007874
7.760,40.870,0.008370
7.770,54.960,0.007018
7.780,54.687,0.013875
7.790,1216.608,0.022263
7.800,1192.177,0.052406
7.810,1224.847,0.020763
7.820,1172.214,0.015645
7.830,1162.609,0.006738
7.840,1167.716,0.007456
7.850,1170.429,0.005653
7.860,1217.085,0.007672
7.870,1216.636,0.002418
7.880,1176.391,0.006736
7.890,1798.286,0.025804
7.900,1795.325,0.012813
7.910,1179.826,0.021198
7.920,1190.651,0.010557
7.930,1237.145,0.007887
7.940,1329.742,0.005033
7.950,1333.589,0.002233
7.960,33.723,0.003996
7.970,34.023,0.019823
7.980,33.743,0.004540
7.990,54.497,0.011882
8.000,264.130,0.037501
8.010,234.151,0.290401
8.020,169.071,0.094163
8.030,83.614,0.052208
8.040,282.680,0.023874
8.050,33.996,0.017677
8.060,34.020,0.012530
8.070,33.912,0.026743
8.080,34.121,0.008928
8.090,33.882,0.082694
8.100,33.553,0.235061
8.110,32.514,0.018551
8.120,76.806,0.027378
8.130,1245.495,0.018829
8.140,1251.014,0.011769
8.150,1255.547,0.006043
8.160,1250.804,0.006410
8.170,1244.057,0.007187
8.180,1171.150,0.006395
8.190,1210.935,0.006270
8.200,32.188,0.014276
8.210,32.210,0.006681
8.220,53.755,0.009050
8.230,1835.324,0.009126
8.240,888.232,0.006274
8.250,33.469,0.015645
8.260,1855.855,0.024252
8.270,1868.035,0.033176
8.280,1190.525,0.014589
8.290,1235.430,0.010898
8.300,32.301,0.022593
8.310,33.121,0.044983
8.320,33.568,0.099276
8.330,33.301,0.035549
8.340,40.397,0.131387
8.350,39.710,0.152425
8.360,39.005,0.281526
8.370,41.691,0.030710
8.380,49.654,0.040121
8.390,49.809,0.009686
8.400,880.237,0.005756
8.410,33.931,0.003674
8.420,34.747,0.004431
8.430,54.682,0.017915
8.440,1849.786,0.004245
8.450,39.434,0.015281
8.460,40.355,0.016989
8.470,1230.296,0.006947
8.480,1847.297,0.027337
8.490,1873.960,0.021938
8.500,33.948,0.005582
8.510,33.782,0.087028
8.520,33.171,0.068295
8.530,32.975,0.033616
8.540,35.619,0.032769
8.550,1246.498,0.014305
8.560,1234.307,0.003545
8.570,32.340,0.014067
8.580,32.782,0.031373
8.590,33.108,0.008482
8.600,32.273,0.003118
8.610,32.139,0.011377
8.620,38.107,0.012202
8.630,50.677,0.004128
8.640,51.295,0.110543
8.650,1233.029,0.020703
8.660,816.440,0.031347
8.670,32.641,0.031134
8.680,32.745,0.077322
8.690,32.867,0.055688
8.700,32.762,0.069756
8.710,32.425,0.023307
8.720,32.836,0.025384
8.730,33.089,0.034903
8.740,34.155,0.021559
8.750,33.709,0.012962
8.760,47.548,0.016953
8.770,33.329,0.063261
8.780,49.321,0.470457
8.790,32.134,0.114753
8.800,32.826,0.195115
8.810,36.005,0.084678
8.820,37.150,0.112932
8.830,32.582,0.042478
8.840,33.947,0.227968
8.850,53.306,0.243290
8.860,52.888,0.552297
8.870,52.094,0.221446
8.880,43.376,0.030193
8.890,43.277,0.211118
8.900,39.199,0.112477
8.910,34.713,0.255276
8.920,34.807,0.315211
8.930,34.665,0.128992
8.940,34.571,0.754746
8.950,32.298,0.168654
8.960,32.833,0.280071
8.970,33.034,0.551294
8.980,39.369,0.102872
8.990,32.139,0.075179
9.000,90.495,0.056824
9.010,34.889,0.043320
9.020,35.655,0.440642
9.030,35.523,0.728352
9.040,35.580,0.435457
9.050,35.250,0.219994
9.060,34.634,0.150662
9.070,41.781,0.059138
9.080,42.746,0.332738
9.090,42.717,0.179173
9.100,33.874,0.168233
9.110,33.571,0.422095
9.120,39.903,0.254465
9.130,39.591,0.071083
9.140,33.674,0.032238
9.150,33.674,0.029091
9.160,32.556,0.031331
9.170,32.713,0.132506
9.180,32.931,0.062791
9.190,54.762,0.068330
9.200,55.262,0.062757
9.210,102.059,0.012605
9.220,32.804,0.046502
9.230,33.013,0.130170
9.240,37.731,0.040356
9.250,88.886,0.047982
9.260,88.203,0.005209
9.270,32.639,0.142812
9.280,1966.153,0.006468
9.290,1731.332,0.006765
9.300,1730.361,0.015361
9.310,1297.642,0.014658
9.320,1296.652,0.046303
9.330,1282.611,0.052772
9.340,1283.387,0.028243
9.350,1283.538,0.015519
9.360,654.951,0.035464
9.370,1183.205,0.021092
9.380,1175.411,0.007700
9.390,1115.471,0.004707
9.400,1095.315,0.003694
9.410,1090.312,0.004112
9.420,1089.098,0.004725
9.430,1083.831,0.002809
9.440,1071.627,0.002089
9.450,1060.975,0.002285
9.460,1984.326,0.002625
9.470,1979.711,0.002694
9.480,1969.961,0.004028
9.490,1961.678,0.010780
9.500,1957.681,0.008701
9.510,1954.776,0.006470
9.520,1950.019,0.010642
9.530,1929.930,0.004256
9.540,1904.742,0.006537
9.550,1879.903,0.005492
9.560,1875.466,0.003221
9.570,1884.202,0.001137
9.580,1902.372,0.001246
9.590,1904.741,0.002627
9.600,1917.253,0.004490
9.610,1920.480,0.008796
9.620,1908.695,0.025883
9.630,1252.725,0.019761
9.640,1249.560,0.019977
9.650,1257.999,0.009272
9.660,1882.365,0.016519
9.670,1884.802,0.016816
9.680,1310.562,0.005186
9.690,1224.258,0.007634
9.700,51.126,0.128270
9.710,51.417,0.175719
9.720,1318.903,0.024278
9.730,1317.892,0.020143
9.740,38.921,0.078911
9.750,33.315,0.012190
9.760,1114.938,0.008528
9.770,1323.299,0.016770
9.780,1323.610,0.010136
9.790,1700.554,0.014940
9.800,1679.706,0.020192
9.810,1645.383,0.032578
9.820,1644.849,0.042144
9.830,1654.106,0.032865
9.840,657.089,0.042686
9.850,656.708,0.066313
9.860,656.745,0.073019
9.870,656.341,0.053833
9.880,657.297,0.029205
9.890,1173.690,0.029455
9.900,576.064,0.023126
9.910,565.588,0.006078
9.920,553.770,0.001994
9.930,549.690,0.001159
9.940,545.959,0.001616
9.950,544.130,0.001651
9.960,1076.098,0.001812
9.970,1412.941,0.002275
9.980,1407.243,0.001908
9.990,1057.953,0.001571
10.000,1983.818,0.002350
10.010,1986.009,0.009296
10.020,1989.676,0.038558
10.030,1987.562,0.042974
10.040,1974.571,0.015628
10.050,1963.661,0.011721
10.060,1954.695,0.007960
10.070,1930.848,0.005498
10.080,1901.869,0.003890
10.090,1873.748,0.004306
10.100,1861.590,0.002137
10.110,1859.280,0.000723
10.120,1797.613,0.000311
10.130,1767.991,0.000683
10.140,1748.687,0.002264
10.150,1735.733,0.007038
10.160,1719.959,0.015388
10.170,1706.718,0.017593
10.180,1696.764,0.031087
10.190,1686.444,0.027610
10.200,1676.631,0.009102
10.210,1661.276,0.008486
10.220,1659.305,0.005081
10.230,1118.505,0.002387
10.240,579.237,0.003763
10.250,586.219,0.011445
10.260,588.354,0.017195
10.270,589.779,0.009159
10.280,1049.415,0.005078
10.290,1042.676,0.009929
10.300,1039.794,0.015691
10.310,1031.595,0.014872
10.320,1003.759,0.005975
10.330,1971.794,0.003841
10.340,991.306,0.005166
10.350,1453.958,0.008762
10.360,1451.808,0.019345
10.370,1450.301,0.048181
10.380,1462.220,0.012694
10.390,1464.983,0.010296
10.400,372.660,0.063354
10.410,364.025,0.020179
10.420,1440.031,0.010090
10.430,1445.775,0.034274
10.440,1444.593,0.022732
10.450,1968.164,0.018301
10.460,1975.904,0.046738
10.470,1981.426,0.103754
10.480,1973.833,0.039348
10.490,1964.438,0.019470
10.500,978.469,0.007164
10.510,1956.463,0.003806
10.520,1960.587,0.006730
10.530,1966.692,0.007137
10.540,1960.108,0.002867
10.550,975.571,0.004933
10.560,978.034,0.008950
10.570,1961.506,0.015492
10.580,1958.452,0.009301
10.590,1952.238,0.003049
10.600,971.996,0.005984
10.610,973.143,0.011564
10.620,1951.100,0.009608
10.630,1961.122,0.011933
10.640,1960.193,0.005156
10.650,1955.006,0.007664
10.660,1954.530,0.010153
10.670,1953.695,0.013285
10.680,1975.725,0.028983
10.690,1975.627,0.014856
10.700,1970.249,0.006575
10.710,1399.096,0.005061
10.720,1966.868,0.005536
10.730,1959.822,0.009478
10.740,1961.220,0.007049
10.750,1956.129,0.003642
10.760,975.607,0.004425
10.770,982.592,0.005913
10.780,1154.597,0.008622
10.790,1954.679,0.011602
10.800,1950.822,0.004272
10.810,1946.639,0.003288
10.820,1966.084,0.003708
10.830,1963.913,0.005398
10.840,1969.208,0.008523
10.850,1966.809,0.006725
10.860,972.111,0.002808
10.870,970.764,0.007834
10.880,1172.236,0.016420
10.890,1964.332,0.026894
10.900,1970.191,0.017671
10.910,1956.608,0.007342
10.920,1398.736,0.003871
10.930,1965.625,0.007115
10.940,1970.140,0.008330
10.950,1964.584,0.022686
10.960,1964.816,0.009129
10.970,1315.571,0.005442
10.980,1318.627,0.013430
10.990,1321.126,0.049613
11.000,1331.057,0.036529
11.010,1239.631,0.019422
11.020,32.294,0.016386
11.030,56.412,0.007839
11.040,56.305,0.101053
11.050,56.514,0.022686
11.060,55.748,0.001418
11.070,54.950,0.003294
11.080,1227.600,0.022213
11.090,33.746,0.021109
11.100,1850.435,0.008027
11.110,1837.644,0.009523
11.120,1311.002,0.008496
11.130,1876.763,0.004860
11.140,1961.963,0.005484
11.150,1157.910,0.012099
11.160,1840.168,0.009458
11.170,1124.932,0.006763
11.180,1122.607,0.008822
11.190,1114.554,0.012855
11.200,33.422,0.046904
11.210,32.651,0.017447
11.220,50.781,0.023797
11.230,127.603,0.009386
11.240,120.943,0.027472
11.250,120.024,0.015201
11.260,45.835,0.062296
11.270,32.233,0.031984
11.280,32.185,0.019394
11.290,39.100,0.324303
11.300,39.237,0.152708
11.310,34.404,0.319629
11.320,33.032,0.114954
11.330,32.905,0.169853
11.340,55.702,0.007868
11.350,40.330,0.048843
11.360,40.252,0.078441
11.370,32.889,0.130634
11.380,32.558,0.181851
11.390,32.539,0.199635
11.400,32.790,0.045817
11.410,32.874,0.034218
11.420,55.101,0.023645
11.430,55.842,0.034142
11.440,32.292,0.010144
11.450,33.791,0.065675
11.460,33.644,0.174745
11.470,33.358,0.185587
11.480,32.749,0.047634
11.490,33.407,0.192286
11.500,33.513,0.089851
11.510,33.119,0.056982
11.520,1315.535,0.033005
11.530,1281.048,0.033365
11.540,1244.266,0.049166
11.550,1260.668,0.024176
11.560,1320.321,0.028631
11.570,1324.797,0.048827
11.580,1322.900,0.024844
11.590,1317.994,0.019713
11.600,1311.374,0.015473
11.610,1244.697,0.053766
11.620,1243.057,0.058231
11.630,1851.324,0.035456
11.640,1835.108,0.017511
11.650,1220.261,0.008315
11.660,1851.933,0.010333
11.670,1847.702,0.013880
11.680,35.177,0.024039
11.690,35.011,0.076045
11.700,32.285,0.024575
11.710,33.404,0.053439
11.720,33.486,0.100532
11.730,1971.827,0.014465
11.740,1177.048,0.021638
11.750,48.113,0.020939
11.760,1239.321,0.014448
11.770,32.134,0.022548
11.780,32.199,0.014861
11.790,53.576,0.035415
11.800,1229.789,0.010708
11.810,1108.536,0.005648
11.820,133.363,0.007951
11.830,33.357,0.019959
11.840,32.499,0.065431
11.850,32.105,0.053926
11.860,32.254,0.024634
11.870,39.909,0.040058
11.880,37.022,0.051569
11.890,36.243,0.156008
11.900,38.460,0.092931
11.910,43.879,0.270373
11.920,44.102,0.044907
11.930,49.114,0.068194
11.940,49.363,0.373224
11.950,49.463,0.088456
11.960,53.334,0.018012
11.970,40.560,0.039938
11.980,40.439,0.261424
11.990,36.183,0.055161
12.000,999.184,0.068852
12.010,43.621,0.312222
12.020,43.351,0.628969
12.030,42.996,0.460358
12.040,34.628,0.320876
12.050,33.860,0.151425
12.060,46.438,0.107019
12.070,46.203,0.095023
12.080,32.325,0.047486
12.090,32.307,0.012780
12.100,49.566,0.032862
12.110,51.045,0.041372
12.120,51.694,0.021463
12.130,51.710,0.111299
12.140,32.516,0.122763
12.150,32.537,0.440868
12.160,32.508,0.421768
12.170,32.732,0.134630
12.180,52.563,0.073819
12.190,52.029,0.164117
12.200,51.555,0.199304
12.210,36.264,0.285678
12.220,36.113,0.432358
12.230,36.651,0.109638
12.240,36.892,0.040747
12.250,35.380,0.124230
12.260,44.978,0.072645
12.270,34.707,0.368776
12.280,34.594,0.068626
12.290,37.660,0.065500
12.300,32.453,0.015123
12.310,32.492,0.025779
12.320,32.198,0.014171
12.330,126.522,0.007271
12.340,286.147,0.010568
12.350,400.322,0.017364
12.360,364.937,0.026073
12.370,36.187,0.141320
12.380,35.991,0.592151
12.390,35.685,0.233321
12.400,34.622,0.207127
12.410,35.106,0.111202
12.420,35.639,0.314820
12.430,35.617,0.058564
12.440,33.654,0.103341
12.450,33.621,0.542066
12.460,34.284,0.536593
12.470,35.450,0.154504
12.480,38.953,0.043711
12.490,39.746,0.057358
12.500,42.025,0.093516
12.510,41.965,0.046389
12.520,33.798,0.038012
12.530,33.801,0.242313
12.540,33.128,0.073666
12.550,32.979,0.134850
12.560,33.557,0.143170
12.570,32.986,0.160231
12.580,32.105,0.101413
12.590,32.411,0.086212
12.600,33.079,0.160231
12.610,32.212,0.274491
12.620,82.999,0.004309
12.630,82.278,0.029584
12.640,32.716,0.141188
12.650,32.928,0.463823
12.660,32.915,0.415630
12.670,33.174,0.077457
12.680,39.894,0.097284
12.690,32.230,0.059623
12.700,32.345,0.074932
12.710,34.965,0.170739
12.720,34.986,0.274513
12.730,35.225,0.374836
12.740,32.226,0.082590
12.750,32.204,0.067723
12.760,32.503,0.073909
12.770,323.285,0.023052
12.780,32.883,0.021659
12.790,33.354,0.023960
12.800,34.130,0.088542
12.810,34.756,0.388206
12.820,35.313,0.054548
12.830,39.993,0.116949
12.840,40.613,0.015411
12.850,33.383,0.057204
12.860,45.903,0.067578
12.870,121.319,0.123647
12.880,39.889,0.237783
12.890,40.456,0.477703
12.900,40.433,0.071206
12.910,32.209,0.058892
12.920,32.043,0.033293
12.930,32.379,0.074932
12.940,32.878,0.039155
12.950,35.962,0.055208
12.960,36.206,0.098604
12.970,43.010,0.125327
12.980,43.408,0.067972
12.990,32.806,0.024545
13.000,32.840,0.448624
13.010,32.994,0.160432
13.020,32.852,0.070058
13.030,32.604,0.041828
13.040,33.161,0.016196
13.050,33.511,0.034510
13.060,33.203,0.046163
13.070,51.615,0.080498
13.080,51.295,0.013772
13.090,32.055,0.014257
13.100,50.665,0.023380
13.110,32.206,0.253162
13.120,32.133,0.354553
13.130,32.378,0.152574
13.140,34.235,0.405921
13.150,33.241,0.435113
13.160,33.030,0.303141
13.170,55.536,0.027301
13.180,43.853,0.057743
13.190,44.025,0.082686
13.200,34.316,0.338065
13.210,34.452,0.396738
13.220,48.473,0.029636
13.230,48.195,0.087856
13.240,36.648,0.119628
13.250,34.188,0.019540
13.260,45.141,0.052894
13.270,33.497,0.047098
13.280,35.183,0.058217
13.290,32.387,0.163808
13.300,32.360,0.266548
13.310,41.382,0.045160
13.320,41.375,0.041512
13.330,33.661,0.024646
13.340,35.350,0.047490
13.350,34.523,0.065453
13.360,33.682,0.035871
13.370,33.230,0.129008
13.380,33.447,0.357955
13.390,34.066,0.451810
13.400,34.011,0.208484
13.410,37.594,0.053683
13.420,36.774,0.246137
13.430,36.288,0.228536
13.440,35.702,0.159703
13.450,33.900,0.106387
13.460,34.457,0.508977
13.470,34.587,0.429001
13.480,34.262,0.495777
13.490,33.202,0.492773
13.500,32.981,0.242539
13.510,33.055,0.277970
13.520,33.832,0.034400
13.530,42.292,0.058936
13.540,32.269,0.105661
13.550,32.502,0.075703
13.560,32.730,0.075631
13.570,32.742,0.060327
13.580,32.796,0.027852
13.590,44.793,0.029111
13.600,356.657,0.026975
13.610,32.242,0.102103
13.620,39.175,0.071797
13.630,37.761,0.051194
13.640,34.383,0.455305
13.650,33.545,0.052296
13.660,49.245,0.011554
13.670,32.176,0.040111
13.680,32.418,0.037985
13.690,32.970,0.024215
13.700,64.227,0.028014
13.710,35.794,0.017603
13.720,1804.661,0.019471
13.730,1800.377,0.055876
13.740,51.495,0.035575
13.750,51.617,0.229979
13.760,52.041,0.488212
13.770,52.272,0.102617
13.780,1778.974,0.044664
13.790,1769.305,0.058073
13.800,1781.045,0.050698
13.810,32.936,0.038892
13.820,32.693,0.156927
13.830,32.371,0.027077
13.840,32.949,0.033625
13.850,32.876,0.031422
13.860,49.545,0.123433
13.870,49.989,0.163573
13.880,32.325,0.032764
13.890,32.396,0.007683
13.900,32.141,0.020177
13.910,1779.528,0.006181
13.920,1032.944,0.034241
13.930,396.230,0.020901
13.940,32.565,0.026548
13.950,80.681,0.051582
13.960,36.048,0.038442
13.970,401.466,0.024443
13.980,33.130,0.009021
13.990,37.770,0.014133
14.000,1313.764,0.015438
14.010,1317.379,0.019504
14.020,1311.928,0.017006
14.030,1216.259,0.013395
14.040,1852.282,0.011062
14.050,51.883,0.046880
14.060,32.041,0.026992
14.070,32.281,0.014792
14.080,32.353,0.017141
14.090,54.614,0.002059
14.100,39.803,0.003260
14.110,35.334,0.009513
14.120,34.853,0.269700
14.130,34.927,0.071246
14.140,34.240,0.045010
14.150,34.040,0.014797
14.160,32.248,0.021166
14.170,32.032,0.029873
14.180,32.214,0.189636
14.190,32.787,0.200417
14.200,33.217,0.175593
14.210,34.172,0.266960
14.220,39.387,0.110337
14.230,34.394,0.035044
14.240,78.919,0.035706
14.250,35.671,0.129222
14.260,35.498,0.141355
14.270,35.436,0.185837
14.280,35.455,0.078052
14.290,33.456,0.013747
14.300,40.636,0.028294
14.310,40.354,0.059519
14.320,40.498,0.285107
14.330,40.319,0.267416
14.340,39.980,0.123478
14.350,40.029,0.166137
14.360,40.504,0.083356
14.370,41.298,0.051363
14.380,42.260,0.037336
14.390,38.212,0.168502
14.400,38.736,0.334609
14.410,40.455,0.098719
14.420,40.292,0.089952
14.430,48.524,0.028011
14.440,49.649,0.378982
14.450,33.353,0.066851
14.460,33.956,0.827136
14.470,35.126,0.404195
14.480,32.192,0.018605
14.490,33.807,0.053191
14.500,33.955,0.346063
14.510,33.676,0.231673
14.520,33.615,0.167791
14.530,32.867,0.387924
14.540,32.812,0.539394
14.550,33.047,0.114000
14.560,42.204,0.091758
14.570,41.858,0.120757
14.580,42.020,0.036223
14.590,53.495,0.034559
14.600,52.427,0.011179
14.610,41.075,0.018386
14.620,40.785,0.573261
14.630,36.359,0.077403
14.640,36.012,0.188411
14.650,35.752,0.038554
14.660,41.303,0.054951
14.670,40.985,0.110272
14.680,193.658,0.008012
14.690,37.662,0.114287
14.700,37.628,0.273093
14.710,37.753,0.014858
14.720,40.496,0.062538
14.730,39.984,0.022574
14.740,42.221,0.076198
14.750,34.798,0.056398
14.760,34.339,0.038761
14.770,33.739,0.041769
14.780,32.786,0.061290
14.790,32.330,0.058216
14.800,40.777,0.031120
14.810,40.742,0.101442
14.820,32.498,0.087094
14.830,39.914,0.007228
14.840,35.595,0.003391
14.850,43.751,0.039119
14.860,45.144,0.040368
14.870,46.040,0.124978
14.880,51.795,0.037419
14.890,52.418,0.017502
14.900,162.939,0.027446
14.910,32.262,0.057345
14.920,32.266,0.113943
14.930,32.311,0.263333
14.940,32.847,0.267882
14.950,34.202,0.096960
14.960,34.393,0.146388
14.970,32.803,0.102782
14.980,33.432,0.151712
14.990,32.880,0.027893
15.000,35.736,0.061778
15.010,35.435,0.155695
15.020,34.710,0.393503
15.030,35.244,0.173495
15.040,33.498,0.038863
15.050,49.414,0.110538
15.060,58.470,0.060053
15.070,44.039,0.044585
15.080,43.813,0.018012
15.090,51.232,0.050918
15.100,44.456,0.037892
15.110,49.427,0.113869
15.120,55.006,0.230552
15.130,56.091,0.182910
15.140,36.813,0.206269
15.150,37.187,0.175200
15.160,36.583,0.096290
15.170,32.296,0.035608
15.180,39.105,0.061414
15.190,39.859,0.060789
15.200,34.361,0.060717
15.210,42.539,0.297771
15.220,42.238,0.264446
15.230,42.047,0.533110
15.240,32.570,0.141907
15.250,32.766,0.271667
15.260,33.030,0.067082
15.270,32.339,0.046185
15.280,32.288,0.041179
15.290,32.577,0.028621
15.300,34.899,0.116267
15.310,34.447,0.316194
15.320,32.378,0.049846
15.330,361.425,0.051879
15.340,36.765,0.082618
15.350,36.502,0.136675
15.360,34.234,0.023378
15.370,388.418,0.015784
15.380,388.913,0.043300
15.390,77.178,0.092424
15.400,39.010,0.049436
15.410,34.485,0.128309
15.420,35.123,0.360724
15.430,35.711,0.050199
15.440,65.123,0.041120
15.450,61.912,0.041881
15.460,32.211,0.022316
15.470,43.615,0.234383
15.480,43.863,0.168021
15.490,43.582,0.083966
15.500,48.636,0.270416
15.510,42.832,0.111695
15.520,32.129,0.076796
15.530,32.000,0.364950
15.540,32.125,0.106195
15.550,53.613,0.020235
15.560,1465.788,0.040672
15.570,1453.561,0.039132
15.580,81.251,0.066263
15.590,1455.663,0.103691
15.600,286.807,0.129838
15.610,54.676,0.226023
15.620,54.755,0.150798
15.630,47.443,0.055454
15.640,47.828,0.121449
15.650,32.263,0.056292
15.660,32.317,0.271341
15.670,32.459,0.200502
15.680,32.924,0.061637
15.690,32.872,0.025351
15.700,1435.967,0.012885
15.710,1436.712,0.023837
15.720,32.125,0.013228
15.730,32.247,0.075079
15.740,32.515,0.118977
15.750,32.585,0.122112
15.760,32.700,0.082810
15.770,32.810,0.095126
15.780,33.613,0.068192
15.790,34.430,0.327631
15.800,33.426,0.153927
15.810,33.171,0.078208
15.820,54.246,0.050058
15.830,34.354,0.057484
15.840,33.575,0.070453
15.850,32.324,0.110526
15.860,32.190,0.080137
15.870,32.127,0.059776
15.880,43.934,0.266817
15.890,33.611,0.068255
15.900,54.789,0.112711
15.910,54.476,0.050607
15.920,34.310,0.060628
15.930,33.925,0.096652
15.940,32.891,0.290497
15.950,32.914,0.043632
15.960,54.411,0.008590
15.970,1420.633,0.013038
15.980,54.322,0.047170
15.990,34.110,0.064186
16.000,42.525,0.012733
16.010,42.811,0.022777
16.020,1402.414,0.055902
16.030,38.704,0.146274
16.040,38.560,0.215904
16.050,32.311,0.026879
16.060,34.212,0.042989
16.070,42.462,0.116471
16.080,39.793,0.150375
16.090,39.749,0.214348
16.100,33.336,0.083531
16.110,32.357,0.111587
16.120,33.100,0.038796
16.130,55.699,0.048629
16.140,54.961,0.058623
16.150,69.465,0.052305
16.160,35.131,0.097821
16.170,36.114,0.103974
16.180,39.449,0.035875
16.190,39.560,0.017888
16.200,41.745,0.011188
16.210,43.776,0.040350
16.220,57.993,0.103012
16.230,57.322,0.041815
16.240,35.706,0.030953
16.250,35.138,0.186960
16.260,39.328,0.581633
16.270,39.249,0.582271
16.280,33.869,0.123477
16.290,33.195,0.204307
16.300,33.590,0.311433
16.310,33.269,0.065574
16.320,52.511,0.041981
16.330,53.617,0.080989
16.340,52.265,0.090963
16.350,34.397,0.095317
16.360,33.117,0.254482
16.370,33.357,0.387784
16.380,34.003,0.432484
16.390,34.129,0.611188
16.400,33.685,0.524517
16.410,33.403,0.089703
16.420,56.440,0.108050
16.430,34.099,0.094493
16.440,41.716,0.097229
16.450,40.592,0.076926
16.460,41.320,0.031720
16.470,41.255,0.048489
16.480,37.645,0.031686
16.490,36.695,0.165434
16.500,32.857,0.046190
16.510,32.801,0.281022
16.520,33.156,0.373674
16.530,43.383,0.365393
16.540,43.537,0.050731
16.550,33.768,0.023165
16.560,48.912,0.012739
16.570,49.313,0.090898
16.580,48.760,0.208401
16.590,49.177,0.125830
16.600,37.553,0.153077
16.610,35.566,0.211626
16.620,34.795,0.517461
16.630,34.455,0.417534
16.640,35.337,0.039512
16.650,35.909,0.116954
16.660,34.089,0.349576
16.670,40.307,0.070907
16.680,32.263,0.010964
16.690,43.189,0.033122
16.700,34.982,0.097441
16.710,34.389,0.439108
16.720,34.299,0.081612
16.730,32.362,0.070798
16.740,33.038,0.046404
16.750,32.573,0.046121
16.760,56.344,0.070415
16.770,33.743,0.041194
16.780,32.307,0.049757
16.790,32.977,0.013174
16.800,33.141,0.008816
16.810,1882.628,0.012921
16.820,35.319,0.048164
16.830,35.480,0.151149
16.840,43.869,0.053286
16.850,43.196,0.087320
16.860,362.933,0.052077
16.870,40.383,0.106553
16.880,40.492,0.044459
16.890,43.779,0.008853
16.900,33.831,0.030949
16.910,32.297,0.013477
16.920,32.173,0.027078
16.930,32.209,0.020354
16.940,34.650,0.180829
16.950,34.366,0.090329
16.960,34.473,0.603070
16.970,34.479,0.647806
16.980,34.073,0.482566
16.990,82.233,0.030475
17.000,82.029,0.053507
17.010,42.369,0.016620
17.020,34.542,0.067481
17.030,34.844,0.098333
17.040,316.809,0.094584
17.050,44.167,0.045755
17.060,54.450,0.015995
17.070,34.652,0.063416
17.080,33.881,0.079337
17.090,33.864,0.029382
17.100,32.912,0.007462
17.110,54.656,0.005229
17.120,34.074,0.024840
17.130,35.978,0.149370
17.140,33.499,0.008084
17.150,35.365,0.005523
17.160,35.461,0.099636
17.170,35.564,0.036563
17.180,140.389,0.002814
17.190,272.372,0.056720
17.200,271.287,0.207048
17.210,54.626,0.453443
17.220,268.751,0.490648
17.230,268.621,0.343960
17.240,278.741,0.029320
17.250,43.025,0.236324
17.260,43.015,0.123604
17.270,34.066,0.080724
17.280,32.323,0.039952
17.290,53.658,0.040971
17.300,33.237,0.005890
17.310,176.431,0.041030
17.320,174.747,0.289214
17.330,172.677,0.109858
17.340,161.876,0.136508
17.350,161.815,0.023707
17.360,34.429,0.319180
17.370,34.763,0.287550
17.380,39.810,0.034980
17.390,43.375,0.027460
17.400,52.189,0.066032
17.410,32.546,0.192030
17.420,33.021,0.194890
17.430,36.001,0.183941
17.440,35.604,0.383527
17.450,34.627,0.040091
17.460,32.240,0.045219
17.470,32.399,0.023129
17.480,39.513,0.037273
17.490,53.392,0.030118
17.500,52.263,0.116057
17.510,32.798,0.030937
17.520,33.248,0.034270
17.530,1197.605,0.006290
17.540,607.953,0.026859
17.550,1215.320,0.013370
17.560,32.876,0.009667
17.570,32.813,0.016032
17.580,33.082,0.094070
17.590,55.916,0.029950
17.600,55.379,0.014948
17.610,48.496,0.005666
17.620,33.214,0.045403
17.630,33.141,0.216140
17.640,33.166,0.486249
17.650,33.738,0.391506
17.660,34.168,0.793278
17.670,34.496,0.610940
17.680,36.130,0.158027
17.690,33.547,0.220104
17.700,33.550,0.230393
17.710,32.875,0.262009
17.720,38.842,0.015025
17.730,1814.022,0.003870
17.740,44.306,0.042976
17.750,50.212,0.034343
17.760,32.162,0.033180
17.770,54.502,0.053049
17.780,164.316,0.059191
17.790,41.836,0.013518
17.800,41.836,0.029467
17.810,40.457,0.022208
17.820,39.848,0.099665
17.830,39.869,0.048783
17.840,41.825,0.066643
17.850,41.463,0.625934
17.860,41.200,0.216120
17.870,37.006,0.083011
17.880,35.482,0.305194
17.890,34.342,0.385463
17.900,34.400,0.248968
17.910,34.452,0.041200
17.920,39.536,0.038031
17.930,33.492,0.089878
17.940,33.511,0.216579
17.950,33.519,0.325704
17.960,33.999,0.054062
17.970,32.013,0.075011
17.980,54.605,0.010765
17.990,33.900,0.087797
18.000,33.850,0.353462
18.010,34.154,0.451425
18.020,34.668,0.630436
18.030,34.750,0.746355
18.040,35.118,0.635652
18.050,35.935,0.035245
18.060,46.127,0.200308
18.070,50.978,0.227500
18.080,50.038,0.149583
18.090,48.533,0.066232
18.100,46.812,0.028444
18.110,37.270,0.038459
18.120,36.923,0.357048
18.130,36.905,0.631755
18.140,37.304,0.466775
18.150,36.308,0.033413
18.160,36.317,0.031953
18.170,40.060,0.135815
18.180,40.430,0.040644
18.190,40.839,0.018786
18.200,32.227,0.004022
18.210,35.566,0.033458
18.220,32.297,0.067744
18.230,32.905,0.090991
18.240,54.496,0.070060
18.250,46.020,0.086451
18.260,32.945,0.493973
18.270,32.431,0.025705
18.280,59.348,0.132558
18.290,32.252,0.065934
18.300,38.031,0.049690
18.310,38.095,0.078254
18.320,43.680,0.058489
18.330,43.547,0.754436
18.340,43.326,0.820645
18.350,43.108,0.320047
18.360,33.660,0.158989
18.370,33.501,0.193850
18.380,32.911,0.024500
18.390,32.604,0.039529
18.400,32.988,0.014186
18.410,32.778,0.044365
18.420,32.599,0.017424
18.430,138.578,0.032873
18.440,1786.248,0.011968
18.450,1030.791,0.013283
18.460,32.235,0.116603
18.470,32.114,0.178978
18.480,32.231,0.165270
18.490,32.732,0.238016
18.500,33.087,0.554644
18.510,32.974,0.007479
18.520,1428.591,0.004977
18.530,1729.743,0.018678
18.540,1739.618,0.033428
18.550,1736.842,0.028835
18.560,1288.320,0.081705
18.570,1288.746,0.125280
18.580,1300.392,0.090971
18.590,1304.847,0.080776
18.600,657.183,0.057438
18.610,584.978,0.024435
18.620,1149.205,0.006544
18.630,1133.367,0.005337
18.640,1474.132,0.001929
18.650,1090.719,0.001796
18.660,1088.549,0.001683
18.670,1078.986,0.001615
18.680,1072.800,0.001243
18.690,1062.180,0.001816
18.700,1060.688,0.002277
18.710,1980.182,0.005294
18.720,1983.170,0.010156
18.730,1983.466,0.013884
18.740,1975.774,0.014006
18.750,1961.901,0.018138
18.760,1954.713,0.007719
18.770,1944.990,0.003803
18.780,1943.050,0.004977
18.790,1932.507,0.003562
18.800,1921.967,0.003402
18.810,1914.569,0.003897
18.820,1408.133,0.005598
18.830,1417.177,0.003646
18.840,1926.677,0.006822
18.850,1319.974,0.009867
18.860,1945.204,0.008202
18.870,1935.081,0.019146
18.880,1895.161,0.025019
18.890,1892.352,0.009370
18.900,1255.275,0.012031
18.910,1321.970,0.005339
18.920,1321.997,0.009775
18.930,1319.374,0.036380
18.940,33.647,0.030568
18.950,33.531,0.019907
18.960,1980.781,0.025129
18.970,1345.581,0.013509
18.980,1297.858,0.015500
18.990,1291.285,0.010091
19.000,1291.651,0.034011
19.010,1291.025,0.056129
19.020,1286.301,0.027805
19.030,1290.814,0.022040
19.040,1660.111,0.038510
19.050,656.698,0.085100
19.060,656.753,0.117648
19.070,657.105,0.152045
19.080,657.537,0.111706
19.090,657.751,0.034608
19.100,579.352,0.034172
19.110,1157.645,0.015792
19.120,1150.581,0.007730
19.130,1129.245,0.002132
19.140,1119.136,0.001158
19.150,550.649,0.001082
19.160,546.282,0.001556
19.170,1072.392,0.001619
19.180,1060.950,0.001944
19.190,1057.115,0.001741
19.200,1057.216,0.001290
19.210,1983.547,0.002706
19.220,1986.108,0.012811
19.230,1988.602,0.037710
19.240,1981.245,0.034948
19.250,1969.024,0.016908
19.260,1959.731,0.007700
19.270,1940.700,0.003030
19.280,1912.631,0.004237
19.290,1887.133,0.005545
19.300,1864.826,0.003665
19.310,1854.087,0.001293
19.320,1853.250,0.000399
19.330,1794.604,0.000236
19.340,1180.598,0.001016
19.350,1169.335,0.002364
19.360,1740.582,0.006545
19.370,1722.922,0.008371
19.380,1708.997,0.010454
19.390,1696.742,0.007952
19.400,1680.921,0.006572
19.410,1661.811,0.004510
19.420,1658.814,0.002392
19.430,1118.464,0.001113
19.440,579.018,0.004300
19.450,585.871,0.014804
19.460,588.645,0.026640
19.470,589.439,0.007848
19.480,1047.832,0.008729
19.490,1044.053,0.015026
19.500,1039.741,0.018879
19.510,1033.083,0.014377
19.520,1030.083,0.007814
19.530,1966.112,0.007688
19.540,983.741,0.009362
19.550,976.793,0.016428
19.560,1448.827,0.016311
19.570,1444.875,0.011442
19.580,1449.873,0.003822
19.590,1464.736,0.005745
19.600,1474.015,0.011589
19.610,54.288,0.022796
19.620,368.945,0.009799
19.630,552.957,0.048328
19.640,553.849,0.018467
19.650,1430.209,0.005536
19.660,1963.493,0.005633
19.670,1966.926,0.011286
19.680,1967.521,0.007623
19.690,1057.677,0.004094
19.700,979.040,0.002279
19.710,1965.755,0.009028
19.720,1974.748,0.023858
19.730,1975.213,0.021358
19.740,1963.085,0.006778
19.750,979.042,0.003369
19.760,1064.029,0.006279
19.770,1960.660,0.008740
19.780,1958.230,0.014399
19.790,1957.037,0.005031
19.800,1947.278,0.004516
19.810,1953.990,0.005939
19.820,1317.942,0.007164
19.830,1316.692,0.019655
19.840,1957.283,0.022455
19.850,1954.714,0.013034
19.860,1946.103,0.009053
19.870,1956.449,0.027149
19.880,1977.217,0.078937
19.890,1972.892,0.061557
19.900,1963.287,0.015394
19.910,1411.496,0.007718
19.920,1415.261,0.005802
19.930,1965.634,0.012467
19.940,1968.631,0.012584
19.950,1953.409,0.006579
19.960,970.677,0.005676
19.970,971.265,0.007174
19.980,1169.529,0.014071
19.990,1954.559,0.008890
20.000,1949.806,0.005773
20.010,1940.664,0.004978
20.020,1951.831,0.010566
20.030,1949.622,0.022583
20.040,1970.942,0.017066
20.050,1970.828,0.019963
20.060,1970.383,0.009336
20.070,1417.731,0.007349
20.080,976.964,0.008363
20.090,1951.786,0.003910
20.100,1965.386,0.003362
20.110,1966.984,0.002270
20.120,973.673,0.002762
20.130,975.646,0.007094
20.140,986.958,0.010074
20.150,1965.261,0.007807
20.160,1962.804,0.011288
20.170,1973.565,0.012242
20.180,1975.656,0.007106
20.190,1243.962,0.012269
20.200,49.172,0.006705
20.210,32.792,0.006695
20.220,968.860,0.003380
20.230,1874.298,0.009063
20.240,54.791,0.003962
20.250,991.813,0.002325
20.260,39.879,0.014741
20.270,38.449,0.022948
20.280,1238.598,0.020232
20.290,1309.514,0.022076
20.300,1315.606,0.014192
20.310,1867.059,0.005097
20.320,35.319,0.021743
20.330,967.639,0.004436
20.340,35.390,0.001817
20.350,1301.244,0.004417
20.360,32.091,0.008711
20.370,32.087,0.019686
20.380,139.006,0.014234
20.390,42.184,0.030423
20.400,40.416,0.043494
20.410,32.495,0.068475
20.420,40.696,0.051089
20.430,44.399,0.009323
20.440,1239.794,0.013204
20.450,1232.557,0.022715
20.460,1218.185,0.023949
20.470,1196.466,0.019408
20.480,1844.894,0.018553
20.490,1972.902,0.011427
20.500,318.326,0.014270
20.510,322.711,0.032257
20.520,1163.209,0.030615
20.530,1857.415,0.026307
20.540,830.609,0.034087
20.550,1235.729,0.009110
20.560,45.731,0.089141
20.570,33.446,0.012983
20.580,32.441,0.050033
20.590,32.081,0.143247
20.600,32.100,0.058540
20.610,33.174,0.115781
20.620,33.199,0.247520
20.630,34.729,0.183783
20.640,55.503,0.026046
20.650,54.903,0.027357
20.660,46.905,0.040210
20.670,47.045,0.025961
20.680,33.426,0.026174
20.690,33.595,0.133837
20.700,33.706,0.106206
20.710,1977.299,0.048166
20.720,1965.669,0.016146
20.730,1308.052,0.015475
20.740,1225.471,0.009683
20.750,1235.285,0.007983
20.760,33.078,0.008368
20.770,32.460,0.016640
20.780,32.050,0.068968
20.790,32.208,0.066746
20.800,35.365,0.163393
20.810,34.271,0.170256
20.820,34.113,0.125081
20.830,54.080,0.213402
20.840,54.309,0.162195
20.850,54.836,0.018290
20.860,42.374,0.009138
20.870,34.329,0.057092
20.880,53.815,0.002499
20.890,52.467,0.019691
20.900,32.061,0.026323
20.910,32.174,0.073459
20.920,33.788,0.022159
20.930,33.788,0.053945
20.940,37.714,0.037947
20.950,37.942,0.056917
20.960,37.000,0.085621
20.970,35.811,0.374955
20.980,35.892,0.186710
20.990,51.032,0.018961
21.000,52.268,0.210794
21.010,33.074,0.066178
21.020,36.759,0.132001
21.030,33.689,0.205834
21.040,33.646,0.116215
21.050,33.114,0.061935
21.060,32.374,0.082428
21.070,32.429,0.039106
21.080,33.136,0.009404
21.090,33.234,0.042654
21.100,33.298,0.060257
21.110,35.684,0.116615
21.120,35.478,0.081219
21.130,32.407,0.034418
21.140,94.753,0.013204
21.150,35.296,0.007911
21.160,35.562,0.007589
21.170,159.129,0.016972
21.180,45.641,0.095370
21.190,324.485,0.151286
21.200,323.138,0.376341
21.210,322.745,0.163025
21.220,32.132,0.146626
21.230,32.268,0.046738
21.240,34.379,0.058011
21.250,32.234,0.015941
21.260,32.410,0.017299
21.270,32.716,0.085792
21.280,32.676,0.066706
21.290,50.380,0.058723
21.300,33.027,0.074397
21.310,33.038,0.164674
21.320,33.838,0.279312
21.330,33.970,0.538325
21.340,33.495,0.071691
21.350,54.554,0.494620
21.360,54.568,0.303607
21.370,55.314,0.296491
21.380,34.746,0.089548
21.390,34.423,0.204670
21.400,34.289,0.061643
21.410,34.356,0.205900
21.420,33.250,0.051690
21.430,32.868,0.087366
21.440,32.761,0.061382
21.450,32.907,0.325945
21.460,32.153,0.129631
21.470,32.042,0.026550
21.480,32.095,0.012116
21.490,35.544,0.026929
21.500,35.524,0.047275
21.510,35.116,0.195573
21.520,34.906,0.369940
21.530,33.599,0.020526
21.540,32.939,0.093000
21.550,32.920,0.106322
21.560,32.698,0.504213
21.570,32.668,0.075696
21.580,32.913,0.077555
21.590,33.973,0.165764
21.600,33.134,0.455022
21.610,32.606,0.024456
21.620,32.171,0.009225
21.630,32.122,0.008573
21.640,32.903,0.008642
21.650,32.419,0.038060
21.660,32.920,0.121264
21.670,32.986,0.252882
21.680,32.365,0.044113
21.690,48.704,0.030030
21.700,32.335,0.040628
21.710,33.503,0.078334
21.720,33.409,0.312443
21.730,33.583,0.470662
21.740,33.354,0.296751
21.750,32.829,0.125660
21.760,161.520,0.022123
21.770,56.438,0.058262
21.780,57.251,0.072816
21.790,34.354,0.392465
21.800,34.485,0.016857
21.810,32.061,0.032303
21.820,56.769,0.048238
21.830,54.853,0.036776
21.840,55.245,0.089198
21.850,57.864,0.010700
21.860,1322.883,0.015695
21.870,32.412,0.017713
21.880,32.319,0.039681
21.890,32.114,0.018869
21.900,33.164,0.002160
21.910,35.272,0.206850
21.920,39.781,0.532969
21.930,40.203,0.508617
21.940,39.977,0.011766
21.950,32.076,0.032096
21.960,32.396,0.044079
21.970,32.345,0.004257
21.980,44.845,0.003276
21.990,44.428,0.006037
22.000,44.313,0.014264
22.010,34.840,0.018219
22.020,35.350,0.038815
22.030,34.882,0.102228
22.040,93.663,0.275125
22.050,32.206,0.126824
22.060,32.301,0.047225
22.070,41.702,0.503437
22.080,41.538,0.547798
22.090,41.412,0.132769
22.100,54.139,0.026490
22.110,32.656,0.007550
22.120,32.091,0.210167
22.130,32.088,0.213945
22.140,32.225,0.097789
22.150,52.132,0.216791
22.160,35.467,0.132479
22.170,35.064,0.232806
22.180,34.931,0.352039
22.190,34.380,0.409666
22.200,34.990,0.331153
22.210,35.328,0.183155
22.220,35.573,0.038687
22.230,49.481,0.116967
22.240,49.555,0.060554
22.250,32.815,0.161864
22.260,33.398,0.075555
22.270,33.653,0.044539
22.280,33.384,0.149833
22.290,32.270,0.038112
22.300,32.291,0.015938
22.310,32.825,0.039713
22.320,33.209,0.165787
22.330,33.034,0.277934
22.340,32.807,0.177578
22.350,57.493,0.007655
22.360,55.133,0.011580
22.370,54.365,0.042198
22.380,55.062,0.016793
22.390,39.353,0.015575
22.400,39.191,0.019807
22.410,54.126,0.031684
22.420,33.547,0.244131
22.430,33.683,0.157016
22.440,34.065,0.107741
22.450,34.198,0.344338
22.460,33.890,0.708928
22.470,33.598,0.741686
22.480,33.896,0.531202
22.490,33.858,0.373882
22.500,33.950,0.520068
22.510,34.131,0.138643
22.520,34.717,0.047222
22.530,34.069,0.073126
22.540,1833.310,0.048977
22.550,1829.274,0.022098
22.560,1798.762,0.015493
22.570,1801.769,0.032109
22.580,43.836,0.030590
22.590,44.051,0.010050
22.600,54.063,0.013627
22.610,54.711,0.036304
22.620,1852.117,0.061774
22.630,1845.681,0.018194
22.640,1851.688,0.041741
22.650,1843.135,0.038604
22.660,1818.478,0.050294
22.670,1819.230,0.050696
22.680,32.289,0.032931
22.690,52.676,0.067455
22.700,51.741,0.247015
22.710,51.463,0.125380
22.720,32.292,0.044454
22.730,32.526,0.170229
22.740,32.307,0.148858
22.750,33.675,0.039555
22.760,33.452,0.054183
22.770,33.171,0.052882
22.780,33.486,0.071311
22.790,32.186,0.049932
22.800,32.528,0.036821
22.810,1774.001,0.023611
22.820,32.518,0.045529
22.830,32.148,0.057802
22.840,32.576,0.017255
22.850,32.905,0.012773
22.860,32.713,0.022552
22.870,32.732,0.018849
22.880,35.472,0.040016
22.890,32.411,0.022615
22.900,54.489,0.312235
22.910,54.097,0.119117
22.920,54.274,0.015925
22.930,977.934,0.010652
22.940,145.832,0.004606
22.950,35.737,0.025989
22.960,35.445,0.107341
22.970,34.982,0.404400
22.980,35.615,0.063645
22.990,55.810,0.013943
23.000,42.909,0.044830
23.010,56.311,0.025768
23.020,167.547,0.197044
23.030,164.552,0.316613
23.040,159.546,0.079863
23.050,155.259,0.138465
23.060,459.331,0.234829
23.070,452.355,0.147399
23.080,457.093,0.039550
23.090,36.390,0.145978
23.100,36.344,0.033333
23.110,453.290,0.058717
23.120,36.034,0.020994
23.130,35.956,0.091741
23.140,36.830,0.094619
23.150,32.303,0.025659
23.160,32.290,0.142132
23.170,32.289,0.150306
23.180,51.673,0.093700
23.190,51.505,0.217328
23.200,35.236,0.086301
23.210,35.889,0.164586
23.220,45.545,0.043218
23.230,82.720,0.073041
23.240,81.168,0.081118
23.250,36.384,0.161748
23.260,39.327,0.077599
23.270,40.391,0.132247
23.280,42.072,0.164958
23.290,32.427,0.004042
23.300,32.298,0.005035
23.310,49.366,0.015620
23.320,32.534,0.020351
23.330,42.768,0.076484
23.340,42.333,0.077140
23.350,41.741,0.022703
23.360,33.429,0.008193
23.370,33.028,0.006885
23.380,32.669,0.004258
23.390,32.904,0.044856
23.400,38.800,0.041391
23.410,38.834,0.247267
23.420,33.593,0.052245
23.430,33.657,0.078709
23.440,54.808,0.211646
23.450,40.407,0.015558
23.460,41.005,0.037340
23.470,32.253,0.004263
23.480,40.628,0.008060
23.490,36.234,0.038568
23.500,36.029,0.188679
23.510,34.201,0.080487
23.520,100.508,0.052613
23.530,100.025,0.016580
23.540,32.251,0.010891
23.550,32.153,0.006326
23.560,35.601,0.138233
23.570,35.593,0.350185
23.580,35.322,0.055441
23.590,39.726,0.030365
23.600,40.321,0.226130
23.610,40.446,0.224893
23.620,44.622,0.200194
23.630,45.223,0.031608
23.640,53.816,0.080776
23.650,34.209,0.022568
23.660,34.359,0.340980
23.670,33.976,0.540822
23.680,34.264,0.206732
23.690,44.060,0.211695
23.700,43.935,0.115485
23.710,57.592,0.015394
23.720,58.202,0.016153
23.730,180.112,0.015667
23.740,44.558,0.075734
23.750,36.879,0.018087
23.760,35.636,0.106926
23.770,35.220,0.108426
23.780,33.712,0.013244
23.790,32.379,0.006016
23.800,32.420,0.047379
23.810,32.471,0.147265
23.820,32.587,0.047821
23.830,32.721,0.008292
23.840,32.342,0.015540
23.850,32.229,0.018395
23.860,32.079,0.008539
23.870,32.253,0.014150
23.880,36.886,0.128826
23.890,37.169,0.388051
23.900,36.754,0.141321
23.910,32.760,0.052070
23.920,32.216,0.082687
23.930,32.228,0.038282
23.940,32.138,0.059554
23.950,32.140,0.100699
23.960,120.009,0.013321
23.970,54.731,0.030530
23.980,32.085,0.030804
23.990,59.547,0.051044
24.000,58.606,0.120985
24.010,57.969,0.117833
24.020,50.570,0.124453
24.030,50.275,0.092668
24.040,34.680,0.203777
24.050,33.137,0.078702
24.060,32.874,0.349467
24.070,38.705,0.042499
24.080,39.021,0.110765
24.090,34.937,0.231228
24.100,39.054,0.098145
24.110,44.065,0.004901
24.120,31.917,0.071339
24.130,31.874,0.147037
24.140,32.058,0.023843
24.150,41.264,0.014400
24.160,32.310,0.041044
24.170,32.135,0.174313
24.180,32.150,0.151270
24.190,32.363,0.115778
24.200,32.571,0.079180
24.210,32.659,0.123485
24.220,178.573,0.038685
24.230,179.509,0.027165
24.240,124.869,0.008786
24.250,32.713,0.279537
24.260,32.876,0.154391
24.270,161.936,0.025646
24.280,32.229,0.018448
24.290,32.287,0.017340
24.300,33.126,0.046601
24.310,33.293,0.050280
24.320,33.377,0.103908
24.330,42.111,0.037917
24.340,33.889,0.106321
24.350,33.181,0.249550
24.360,32.589,0.235014
24.370,39.709,0.103883
24.380,39.541,0.489574
24.390,39.424,0.261665
24.400,39.570,0.148872
24.410,33.063,0.025754
24.420,35.271,0.206359
24.430,34.479,0.560627
24.440,33.869,0.622081
24.450,44.728,0.155037
24.460,43.458,0.066944
24.470,43.612,0.062245
24.480,43.658,0.377972
24.490,42.992,0.128052
24.500,42.801,0.070107
24.510,42.162,0.206462
24.520,42.244,0.094095
24.530,32.543,0.513151
24.540,32.527,0.063203
24.550,31.988,0.069862
24.560,32.062,0.121855
24.570,32.460,0.133986
24.580,41.759,0.047599
24.590,45.173,0.015341
24.600,57.929,0.036673
24.610,55.825,0.013129
24.620,52.135,0.176660
24.630,51.639,0.146931
24.640,33.390,0.026717
24.650,57.987,0.007322
24.660,32.700,0.003484
24.670,55.746,0.009183
24.680,273.245,0.085519
24.690,269.386,0.063027
24.700,32.932,0.042323
24.710,49.131,0.048086
24.720,47.764,0.262778
24.730,46.478,0.114118
24.740,32.057,0.064433
24.750,32.784,0.118507
24.760,38.566,0.670880
24.770,38.798,0.096467
24.780,40.863,0.116005
24.790,40.947,0.531418
24.800,39.766,0.390988
24.810,36.325,0.154861
24.820,36.383,0.450760
24.830,35.638,0.222831
24.840,55.960,0.009876
24.850,55.725,0.007327
24.860,40.668,0.008003
24.870,32.338,0.006482
24.880,40.810,0.070997
24.890,32.356,0.106067
24.900,33.842,0.052670
24.910,47.900,0.088710
24.920,48.049,0.171815
24.930,35.419,0.297686
24.940,35.645,0.556965
24.950,36.705,0.083127
24.960,48.070,0.051893
24.970,34.514,0.174022
24.980,36.680,0.226945
24.990,36.550,0.164627
25.000,33.085,0.152993
25.010,44.463,0.159562
25.020,46.624,0.380171
25.030,46.801,0.468505
25.040,36.417,0.045290
25.050,81.662,0.024593
25.060,52.283,0.086508
25.070,51.681,0.095369
25.080,32.418,0.141494
25.090,36.051,0.052414
25.100,39.780,0.139196
25.110,39.438,0.209374
25.120,39.327,0.241122
25.130,39.917,0.094191
25.140,54.773,0.043843
25.150,33.755,0.052280
25.160,34.043,0.688984
25.170,34.441,0.728649
25.180,34.133,0.109859
25.190,33.690,0.236863
25.200,32.796,0.359889
25.210,33.021,0.162067
25.220,32.796,0.015050
25.230,32.590,0.158784
25.240,33.003,0.140379
25.250,34.523,0.342380
25.260,35.075,0.808644
25.270,35.400,0.162667
25.280,79.730,0.068359
25.290,39.152,0.030505
25.300,32.111,0.115697
25.310,35.314,0.039414
25.320,34.547,0.050659
25.330,34.317,0.171691
25.340,35.100,0.289340
25.350,35.444,0.286090
25.360,35.500,0.424329
25.370,36.281,0.195373
25.380,48.613,0.012562
25.390,33.046,0.048883
25.400,33.730,0.077858
25.410,33.384,0.028084
25.420,43.867,0.019454
25.430,55.951,0.029480
25.440,56.081,0.042675
25.450,33.999,0.273729
25.460,33.169,0.620359
25.470,32.898,0.677888
25.480,32.551,0.136551
25.490,33.630,0.066129
25.500,32.331,0.010029
25.510,32.331,0.010527
25.520,53.123,0.030113
25.530,34.283,0.256207
25.540,33.264,0.153330
25.550,32.786,0.079245
25.560,32.949,0.073418
25.570,43.644,0.144078
25.580,44.347,0.409045
25.590,43.984,0.120176
25.600,43.751,0.007048
25.610,54.052,0.093215
25.620,54.022,0.132934
25.630,46.597,0.058528
25.640,54.699,0.022321
25.650,33.124,0.039314
25.660,39.751,0.030157
25.670,39.305,0.103145
25.680,63.813,0.173419
25.690,64.397,0.044881
25.700,41.813,0.009449
25.710,33.381,0.032248
25.720,32.179,0.017207
25.730,32.363,0.022070
25.740,39.068,0.247897
25.750,38.755,0.714929
25.760,38.738,0.553746
25.770,163.791,0.142056
25.780,165.235,0.081887
25.790,173.240,0.136573
25.800,32.093,0.057811
25.810,32.079,0.041843
25.820,165.531,0.022005
25.830,154.534,0.006049
25.840,155.181,0.008497
25.850,34.647,0.076763
25.860,35.660,0.762735
25.870,36.044,0.674762
25.880,48.665,0.030408
25.890,47.454,0.121350
25.900,47.046,0.055214
25.910,32.773,0.071687
25.920,39.113,0.104233
25.930,52.450,0.101775
25.940,32.954,0.063600
25.950,32.323,0.166426
25.960,32.193,0.068369
25.970,282.181,0.016513
25.980,32.546,0.014650
25.990,32.222,0.068966
26.000,32.379,0.129558
26.010,32.694,0.041814
26.020,1029.091,0.007272
26.030,55.394,0.012867
26.040,34.061,0.059145
26.050,41.772,0.098890
26.060,32.605,0.020035
26.070,133.330,0.006569
26.080,32.198,0.019788
26.090,32.188,0.076448
26.100,32.598,0.278212
26.110,33.251,0.300229
26.120,57.069,0.048184
26.130,35.882,0.024013
26.140,33.120,0.012349
26.150,33.345,0.026276
26.160,356.025,0.060197
26.170,118.400,0.032393
26.180,1018.531,0.006131
26.190,33.280,0.007911
26.200,33.106,0.023564
26.210,32.295,0.050389
26.220,32.794,0.052788
26.230,32.370,0.035348
26.240,32.583,0.007033
26.250,41.927,0.005898
26.260,138.665,0.004136
26.270,51.831,0.017630
26.280,139.124,0.002832
26.290,33.947,0.050594
26.300,34.036,0.033426
26.310,33.468,0.024203
26.320,32.851,0.024357
26.330,32.333,0.026592
26.340,55.462,0.005727
26.350,32.379,0.001522
26.360,33.781,0.003408
26.370,33.478,0.014249
26.380,33.068,0.014857
26.390,36.148,0.035342
26.400,33.014,0.012746
26.410,33.420,0.013820
26.420,1323.098,0.008339
26.430,32.146,0.018974
26.440,1704.124,0.008166
26.450,1720.716,0.006130
26.460,32.422,0.009772
26.470,32.200,0.034214
26.480,42.795,0.019110
26.490,1100.843,0.021627
26.500,32.195,0.015810
26.510,32.457,0.015198
26.520,32.350,0.019648
26.530,33.507,0.059469
26.540,33.266,0.380043
26.550,33.002,0.177614
26.560,53.995,0.077588
26.570,36.528,0.041282
26.580,33.692,0.020358
26.590,33.936,0.593030
26.600,33.056,0.425299
26.610,32.599,0.204751
26.620,32.673,0.010872
26.630,651.401,0.037840
26.640,633.466,0.012045
26.650,32.285,0.011346
26.660,32.206,0.066301
26.670,158.857,0.242418
26.680,32.250,0.154011
26.690,54.959,0.102125
26.700,55.326,0.093978
26.710,33.414,0.346463
26.720,33.213,0.491663
26.730,32.696,0.295774
26.740,32.604,0.283838
26.750,36.219,0.140034
26.760,36.263,0.098378
26.770,438.750,0.099609
26.780,441.745,0.201345
26.790,316.521,0.064187
26.800,34.685,0.072850
26.810,38.969,0.030755
26.820,38.723,0.140515
26.830,38.789,0.023243
26.840,35.380,0.067836
26.850,32.111,0.020781
26.860,36.174,0.017968
26.870,35.833,0.013321
26.880,32.270,0.033601
26.890,54.299,0.055837
26.900,48.475,0.120675
26.910,33.619,0.017879
26.920,34.548,0.100998
26.930,38.135,0.276958
26.940,38.367,0.211056
26.950,36.749,0.198875
26.960,36.420,0.072633
26.970,158.827,0.079913
26.980,163.172,0.107224
26.990,165.560,0.343057
27.000,164.741,0.201966
27.010,64.653,0.053100
27.020,32.945,0.124350
27.030,33.719,0.641189
27.040,34.098,0.449287
27.050,35.096,0.134374
27.060,33.558,0.045900
27.070,367.269,0.035887
27.080,357.462,0.048936
27.090,1306.125,0.022898
27.100,1291.248,0.040654
27.110,1292.498,0.056007
27.120,1293.840,0.108142
27.130,1286.575,0.090295
27.140,1285.788,0.027412
27.150,1740.102,0.018161
27.160,877.733,0.018686
27.170,1175.966,0.013390
27.180,1152.073,0.003511
27.190,1105.844,0.002201
27.200,1099.951,0.002091
27.210,1086.598,0.001833
27.220,1075.984,0.001982
27.230,1064.926,0.002732
27.240,1061.573,0.001613
27.250,1980.909,0.004123
27.260,1980.523,0.011997
27.270,1984.160,0.018590
27.280,1976.397,0.017919
27.290,1964.078,0.019546
27.300,1956.520,0.010808
27.310,1945.975,0.004024
27.320,1942.398,0.005896
27.330,1932.242,0.004061
27.340,1925.513,0.002690
27.350,1926.127,0.002488
27.360,1404.995,0.003666
27.370,1404.811,0.003121
27.380,1416.703,0.002238
27.390,976.793,0.002912
27.400,1317.569,0.004544
27.410,1940.254,0.024548
27.420,1966.499,0.045542
27.430,1970.654,0.032881
27.440,1970.165,0.032525
27.450,1302.914,0.008475
27.460,1929.488,0.005683
27.470,1926.462,0.008031
27.480,1924.256,0.015127
27.490,1922.465,0.004252
27.500,971.307,0.003179
27.510,977.222,0.003855
27.520,54.569,0.013078
27.530,1333.460,0.016554
27.540,1340.182,0.012708
27.550,554.120,0.011516
27.560,1292.304,0.012314
27.570,1312.205,0.026007
27.580,1313.517,0.045179
27.590,1313.830,0.031419
27.600,1312.286,0.044265
27.610,657.652,0.050258
27.620,657.473,0.057895
27.630,658.297,0.051594
27.640,658.574,0.049259
27.650,1178.046,0.056545
27.660,1172.255,0.069445
27.670,1163.432,0.027790
27.680,1156.495,0.014363
27.690,1155.365,0.005381
27.700,1135.129,0.001958
27.710,553.537,0.001117
27.720,546.810,0.000958
27.730,1083.401,0.001466
27.740,1073.109,0.001547
27.750,1405.309,0.001836
27.760,1059.235,0.001560
27.770,1053.570,0.001455
27.780,1982.008,0.001639
27.790,1974.845,0.002296
27.800,1962.807,0.002915
27.810,1958.529,0.003716
27.820,1955.060,0.005518
27.830,1948.443,0.003935
27.840,1936.942,0.006093
27.850,1917.404,0.003281
27.860,1891.787,0.002177
27.870,1864.233,0.001054
27.880,1852.747,0.000539
27.890,1778.337,0.000475
27.900,1762.446,0.001269
27.910,1167.469,0.004144
27.920,1729.827,0.008433
27.930,1712.475,0.023876
27.940,1703.502,0.029264
27.950,1691.659,0.018949
27.960,1679.037,0.009049
27.970,1660.294,0.005962
27.980,1658.384,0.003317
27.990,1121.486,0.002436
28.000,583.118,0.010632
28.010,587.693,0.021756
28.020,587.974,0.017863
28.030,1053.495,0.009797
28.040,1050.961,0.010887
28.050,1045.941,0.011953
28.060,1043.558,0.019260
28.070,1041.005,0.022104
28.080,1037.722,0.013773
28.090,1028.787,0.009427
28.100,998.820,0.007270
28.110,981.021,0.006098
28.120,1453.178,0.010316
28.130,1447.448,0.028964
28.140,1443.786,0.029830
28.150,393.168,0.007895
28.160,721.772,0.005291
28.170,954.289,0.015253
28.180,1001.920,0.022392
28.190,1004.703,0.042622
28.200,1083.003,0.024009
28.210,1071.260,0.017352
28.220,1951.639,0.012715
28.230,1956.800,0.023179
28.240,1979.913,0.083863
28.250,1982.307,0.122186
28.260,1977.009,0.035823
28.270,979.114,0.006352
28.280,1971.411,0.011736
28.290,1977.543,0.065396
28.300,1982.483,0.089848
28.310,1977.992,0.014618
28.320,1963.543,0.014880
28.330,978.716,0.013099
28.340,1970.520,0.024562
28.350,1981.782,0.119415
28.360,1982.071,0.045836
28.370,1973.776,0.016740
28.380,1960.568,0.008771
28.390,1959.953,0.031607
28.400,1976.657,0.088029
28.410,1974.458,0.041155
28.420,1962.169,0.009946
28.430,973.864,0.007804
28.440,973.669,0.014449
28.450,1958.113,0.016927
28.460,1960.306,0.010972
28.470,1955.643,0.004983
28.480,1943.121,0.002989
28.490,974.251,0.008021
28.500,1954.431,0.010707
28.510,1954.221,0.006546
28.520,1953.821,0.005779
28.530,976.270,0.007135
28.540,1954.394,0.011757
28.550,1958.982,0.028960
28.560,1962.847,0.040393
28.570,1964.047,0.037057
28.580,1958.110,0.007743
28.590,976.033,0.003734
28.600,978.434,0.012310
28.610,1960.503,0.018656
28.620,1955.647,0.004442
28.630,1057.952,0.003419
28.640,1966.538,0.004883
28.650,1970.889,0.007719
28.660,1969.772,0.015826
28.670,1976.821,0.032503
28.680,1978.145,0.012265
28.690,1972.326,0.002866
28.700,1299.702,0.005200
28.710,1181.136,0.041347
28.720,1169.020,0.028201
28.730,1164.872,0.014698
28.740,45.143,0.034854
28.750,53.690,0.016247
28.760,33.503,0.020371
28.770,35.250,0.015032
28.780,177.879,0.019735
28.790,176.522,0.013647
28.800,33.754,0.003983
28.810,33.569,0.026072
28.820,33.313,0.006638
28.830,1247.102,0.012846
28.840,1283.182,0.014426
28.850,1303.003,0.009639
28.860,1321.416,0.008231
28.870,34.614,0.007920
28.880,34.270,0.005153
28.890,32.227,0.004568
28.900,967.385,0.004935
28.910,991.260,0.016662
28.920,1968.491,0.012777
28.930,687.092,0.008962
28.940,1262.113,0.008388
28.950,1252.246,0.006461
28.960,44.079,0.005691
28.970,32.249,0.003723
28.980,32.292,0.004813
28.990,33.116,0.010866
29.000,32.432,0.011200
29.010,1301.213,0.013254
29.020,39.437,0.057335
29.030,39.533,0.307359
29.040,39.560,0.048310
29.050,32.734,0.004946
29.060,1870.786,0.008414
29.070,34.006,0.009696
29.080,32.333,0.007061
29.090,1140.699,0.006467
29.100,1138.374,0.006211
29.110,1162.390,0.005649
29.120,1217.878,0.005589
29.130,1245.750,0.026072
29.140,1325.446,0.023961
29.150,1338.809,0.017011
29.160,1342.460,0.008901
29.170,1213.785,0.006868
29.180,50.107,0.002529
29.190,44.506,0.011798
29.200,1269.594,0.017517
29.210,32.336,0.014603
29.220,1276.602,0.012075
29.230,1962.024,0.006479
29.240,32.247,0.009578
29.250,32.225,0.006598
29.260,53.916,0.014509
29.270,54.253,0.021288
29.280,1854.250,0.016984
29.290,55.141,0.018052
29.300,1848.122,0.008553
29.310,1850.200,0.009095
29.320,1849.808,0.023487
29.330,1853.373,0.008826
29.340,1233.684,0.015775
29.350,1310.929,0.013098
29.360,1238.404,0.011701
29.370,43.344,0.005183
29.380,43.207,0.016257
29.390,33.411,0.021057
29.400,55.874,0.021177
29.410,55.648,0.010500
29.420,35.680,0.028543
29.430,41.992,0.020931
29.440,41.782,0.030247
29.450,284.822,0.043366
29.460,33.656,0.082906
29.470,40.458,0.263954
29.480,41.534,0.073670
29.490,43.937,0.174901
29.500,46.219,0.144352
29.510,48.193,0.211281
29.520,32.292,0.150864
29.530,32.303,0.030948
29.540,156.618,0.034723
29.550,39.099,0.151391
29.560,37.528,0.176097
29.570,36.524,0.215314
29.580,35.447,0.051196
29.590,33.447,0.009681
29.600,133.817,0.008066
29.610,893.468,0.037914
29.620,32.230,0.142110
29.630,32.227,0.117504
29.640,32.233,0.079146
29.650,32.212,0.097139
29.660,32.017,0.189440
29.670,33.085,0.067301
29.680,35.182,0.053349
29.690,33.791,0.085962
29.700,32.405,0.012440
29.710,32.370,0.009436
29.720,54.256,0.006969
29.730,43.788,0.069095
29.740,33.464,0.085508
29.750,42.444,0.091745
29.760,42.325,0.192090
29.770,32.219,0.081227
29.780,32.418,0.090894
29.790,43.436,0.021777
29.800,35.260,0.021414
29.810,34.213,0.032303
29.820,35.375,0.138387
29.830,34.950,0.158026
29.840,34.726,0.226449
29.850,42.060,0.047628
29.860,42.417,0.025734
29.870,32.167,0.033222
29.880,32.073,0.073767
29.890,32.234,0.031085
29.900,40.734,0.024704
29.910,40.578,0.062102
29.920,54.150,0.008924
29.930,54.855,0.023361
29.940,33.312,0.032335
29.950,32.948,0.018033
29.960,55.010,0.097002
29.970,34.909,0.153659
29.980,35.920,0.294083
29.990,36.521,0.394887
30.000,36.512,0.047442
30.010,35.654,0.153618
30.020,34.038,0.035544
30.030,33.735,0.121255
30.040,34.216,0.078234
30.050,34.117,0.071671
30.060,53.340,0.044466
30.070,37.639,0.023710
30.080,37.807,0.009698
30.090,39.934,0.027429
30.100,39.726,0.028371
30.110,43.403,0.007543
30.120,54.928,0.002277
30.130,1328.827,0.002246
30.140,34.160,0.007066
30.150,132.501,0.006909
30.160,32.616,0.022116
30.170,48.957,0.017401
30.180,1238.047,0.009954
30.190,1243.458,0.009179
30.200,50.186,0.019373
30.210,32.239,0.072537
30.220,54.012,0.031567
30.230,32.406,0.011829
30.240,35.567,0.082921
30.250,32.231,0.037262
30.260,54.274,0.013247
30.270,54.563,0.015650
30.280,33.092,0.015652
30.290,33.649,0.056789
30.300,33.639,0.013392
30.310,34.555,0.050388
30.320,35.159,0.098204
30.330,33.547,0.088664
30.340,33.145,0.161655
30.350,54.322,0.092443
30.360,270.360,0.087128
30.370,34.691,0.099120
30.380,35.490,0.177368
30.390,153.474,0.015291
30.400,154.321,0.033003
30.410,32.235,0.081966
30.420,32.639,0.097113
30.430,43.170,0.023367
30.440,33.902,0.066440
30.450,32.749,0.166692
30.460,32.138,0.094646
30.470,51.310,0.015611
30.480,45.104,0.011465
30.490,39.128,0.049569
30.500,32.979,0.008622
30.510,54.760,0.010271
30.520,36.557,0.051737
30.530,40.380,0.013683
30.540,41.961,0.057781
30.550,50.900,0.043904
30.560,51.337,0.054364
30.570,51.707,0.070097
30.580,33.896,0.101375
30.590,42.831,0.028310
30.600,43.316,0.027387
30.610,34.979,0.161742
30.620,36.241,0.064756
30.630,32.821,0.363793
30.640,50.357,0.017004
30.650,50.028,0.030179
30.660,32.238,0.009329
30.670,32.212,0.008982
30.680,591.638,0.005022
30.690,54.861,0.003818
30.700,33.987,0.073066
30.710,33.741,0.750676
30.720,33.824,0.603549
30.730,33.497,0.433374
30.740,33.679,0.190034
30.750,34.319,0.105264
30.760,36.436,0.063024
30.770,33.116,0.020306
30.780,34.506,0.012066
30.790,53.785,0.018490
30.800,36.230,0.098666
30.810,35.624,0.073219
30.820,34.080,0.191164
30.830,34.101,0.558999
30.840,34.334,0.178520
30.850,49.159,0.124597
30.860,34.483,0.174189
30.870,37.764,0.021320
30.880,32.452,0.062619
30.890,36.906,0.128190
30.900,36.878,0.138768
30.910,36.655,0.074431
30.920,35.206,0.041380
30.930,33.689,0.180484
30.940,33.097,0.553055
30.950,33.216,0.064691
30.960,33.483,0.116996
30.970,32.466,0.062684
30.980,393.878,0.036265
30.990,394.477,0.031300
31.000,34.257,0.026105
31.010,34.193,0.170231
31.020,40.033,0.029370
31.030,43.882,0.024189
31.040,173.205,0.078413
31.050,55.777,0.323485
31.060,34.303,0.314276
31.070,33.651,0.121445
31.080,44.618,0.079003
31.090,44.544,0.122538
31.100,43.897,0.218210
31.110,32.093,0.086033
31.120,31.909,0.104288
31.130,32.142,0.214983
31.140,32.211,0.158021
31.150,36.723,0.335459
31.160,36.473,0.581602
31.170,34.565,0.385821
31.180,33.341,0.492172
31.190,33.084,0.205084
31.200,39.084,0.225629
31.210,41.492,0.033423
31.220,40.970,0.071966
31.230,32.365,0.012714
31.240,32.171,0.024784
31.250,32.184,0.010865
31.260,54.365,0.001894
31.270,49.445,0.067063
31.280,49.037,0.186579
31.290,35.015,0.148788
31.300,34.799,0.169006
31.310,35.293,0.075534
31.320,32.849,0.023393
31.330,32.245,0.019602
31.340,46.410,0.011906
31.350,44.060,0.087566
31.360,32.149,0.190597
31.370,32.155,0.412074
31.380,32.389,0.347731
31.390,34.886,0.574242
31.400,34.849,0.915543
31.410,34.777,0.880790
31.420,34.813,0.485718
31.430,34.811,0.381128
31.440,35.752,0.370434
31.450,48.950,0.025840
31.460,52.323,0.050598
31.470,54.786,0.139562
31.480,54.716,0.218033
31.490,54.411,0.098630
31.500,166.919,0.082043
31.510,173.196,0.213298
31.520,59.050,0.172518
31.530,59.257,0.287563
31.540,31.997,0.171166
31.550,34.231,0.097976
31.560,33.270,0.204230
31.570,33.010,0.088639
31.580,32.691,0.734845
31.590,32.369,0.543557
31.600,32.208,0.507371
31.610,37.554,0.021862
31.620,36.460,0.263997
31.630,35.594,0.082068
31.640,48.753,0.358643
31.650,42.388,0.126873
31.660,42.023,0.189549
31.670,42.391,0.166590
31.680,43.890,0.223792
31.690,50.744,0.115361
31.700,50.957,0.150027
31.710,35.677,0.075155
31.720,34.262,0.068024
31.730,34.157,0.143259
31.740,33.838,0.134725
31.750,32.827,0.533053
31.760,32.654,0.600614
31.770,32.270,0.306403
31.780,32.146,0.052462
31.790,34.034,0.246389
31.800,34.173,0.060651
31.810,32.938,0.066517
31.820,32.586,0.007429
31.830,32.972,0.004935
31.840,57.662,0.011881
31.850,33.187,0.036322
31.860,1228.653,0.006099
31.870,36.386,0.004844
31.880,36.522,0.024514
31.890,43.521,0.038292
31.900,36.023,0.025101
31.910,35.587,0.024123
31.920,55.027,0.012567
31.930,31.962,0.037251
31.940,122.930,0.052684
31.950,32.163,0.054787
31.960,40.530,0.061384
31.970,43.314,0.027000
31.980,52.246,0.103351
31.990,52.001,0.452174
32.000,51.702,0.336085
32.010,52.203,0.285697
32.020,53.691,0.130869
32.030,54.628,0.016198
32.040,54.829,0.004770
32.050,34.900,0.075574
32.060,34.604,0.301985
32.070,106.241,0.076173
32.080,56.699,0.035500
32.090,33.592,0.007692
32.100,35.439,0.030092
32.110,36.195,0.015823
32.120,46.471,0.056045
32.130,54.480,0.013945
32.140,163.150,0.062164
32.150,163.959,0.049182
32.160,1849.179,0.008288
32.170,35.068,0.073718
32.180,34.538,0.145378
32.190,32.973,0.042839
32.200,32.132,0.047012
32.210,125.581,0.016122
32.220,36.123,0.030834
32.230,35.585,0.098288
32.240,35.437,0.088542
32.250,35.599,0.026864
32.260,35.461,0.094495
32.270,35.279,0.031021
32.280,33.556,0.027311
32.290,32.301,0.031994
32.300,76.876,0.057675
32.310,35.925,0.489964
32.320,35.276,0.348922
32.330,34.201,0.031982
32.340,127.856,0.012307
32.350,48.760,0.008968
32.360,48.809,0.010225
32.370,1319.827,0.010260
32.380,40.923,0.008984
32.390,40.200,0.056514
32.400,42.551,0.063043
32.410,54.366,0.009312
32.420,1231.810,0.019673
32.430,1229.488,0.025767
32.440,1227.930,0.019029
32.450,1876.451,0.025402
32.460,1174.567,0.023337
32.470,1169.523,0.017211
32.480,1170.385,0.023344
32.490,1171.853,0.009352
32.500,1312.782,0.011639
32.510,54.788,0.014305
32.520,55.522,0.056056
32.530,56.146,0.502689
32.540,56.738,0.101663
32.550,35.206,0.037042
32.560,128.252,0.041340
32.570,41.747,0.025691
32.580,41.699,0.018131
32.590,32.764,0.095379
32.600,332.774,0.014487
32.610,372.085,0.018320
32.620,379.891,0.026869
32.630,371.679,0.016726
32.640,361.295,0.041214
32.650,1042.240,0.025995
32.660,1036.095,0.026130
32.670,431.057,0.021026
32.680,595.031,0.027207
32.690,41.286,0.007501
32.700,32.960,0.044623
32.710,32.933,0.042714
32.720,39.139,0.025400
32.730,440.842,0.025032
32.740,440.546,0.064956
32.750,441.338,0.026308
32.760,440.775,0.037504
32.770,445.676,0.038582
32.780,32.626,0.160430
32.790,988.351,0.019310
32.800,1020.453,0.022662
32.810,84.207,0.011677
32.820,33.138,0.010223
32.830,966.396,0.009854
32.840,42.902,0.014080
32.850,42.350,0.024679
32.860,53.672,0.010776
32.870,32.117,0.013156
32.880,43.546,0.022837
32.890,43.744,0.209136
32.900,43.664,0.093716
32.910,43.030,0.046529
32.920,60.812,0.025263
32.930,59.709,0.031289
32.940,33.587,0.192846
32.950,405.474,0.082543
32.960,411.405,0.060164
32.970,42.331,0.017135
32.980,34.160,0.018188
32.990,33.756,0.160581
33.000,34.980,0.308185
33.010,35.406,0.217706
33.020,34.628,0.065885
33.030,37.940,0.004498
33.040,37.837,0.007328
33.050,37.670,0.054143
33.060,39.671,0.033171
33.070,33.559,0.117108
33.080,33.743,0.402270
33.090,33.604,0.156391
33.100,35.674,0.100729
33.110,39.789,0.007001
33.120,34.967,0.044333
33.130,32.204,0.090881
33.140,32.065,0.086934
33.150,32.031,0.109693
33.160,32.035,0.026494
33.170,32.156,0.016467
33.180,32.224,0.017954
33.190,32.265,0.152888
33.200,32.180,0.423444
33.210,32.125,0.325183
33.220,34.146,0.133899
33.230,33.814,0.110897
33.240,34.368,0.049433
33.250,34.616,0.126542
33.260,34.563,0.371050
33.270,33.456,0.038308
33.280,32.595,0.021876
33.290,32.840,0.010602
33.300,32.938,0.037813
33.310,35.960,0.058186
33.320,36.302,0.091332
33.330,36.199,0.008750
33.340,32.997,0.076233
33.350,33.145,0.039860
33.360,33.588,0.110372
33.370,32.527,0.131042
33.380,32.920,0.121931
33.390,33.998,0.177513
33.400,34.700,0.385714
33.410,34.755,0.361234
33.420,34.345,0.035220
33.430,55.129,0.053671
33.440,32.251,0.033835
33.450,1819.535,0.015188
33.460,34.835,0.092975
33.470,35.157,0.178957
33.480,35.080,0.082042
33.490,34.814,0.279319
33.500,34.982,0.146460
33.510,32.236,0.036509
33.520,53.652,0.006836
33.530,53.495,0.055642
33.540,52.594,0.014981
33.550,32.317,0.010444
33.560,130.999,0.037649
33.570,34.880,0.463341
33.580,35.076,0.562723
33.590,35.284,0.098911
33.600,35.461,0.074712
33.610,34.865,0.155865
33.620,35.040,0.371667
33.630,34.961,0.395188
33.640,33.578,0.092573
33.650,35.218,0.030344
33.660,32.337,0.013468
33.670,32.405,0.020386
33.680,34.104,0.066621
33.690,34.206,0.117182
33.700,34.414,0.017457
33.710,32.865,0.004902
33.720,33.128,0.013222
33.730,32.607,0.103784
33.740,33.089,0.045014
33.750,45.905,0.017825
33.760,45.527,0.124066
33.770,58.506,0.051754
33.780,119.732,0.034049
33.790,39.584,0.059630
33.800,49.327,0.142945
33.810,50.753,0.083011
33.820,53.567,0.020396
33.830,33.318,0.034113
33.840,33.398,0.094502
33.850,33.333,0.117932
33.860,33.572,0.024405
33.870,33.746,0.077919
33.880,34.301,0.031633
33.890,42.290,0.083245
33.900,35.589,0.149889
33.910,41.915,0.202649
33.920,34.249,0.172551
33.930,33.394,0.271320
33.940,32.759,0.133626
33.950,32.092,0.053052
33.960,32.134,0.031078
33.970,32.088,0.091896
33.980,32.201,0.061056
33.990,34.232,0.066990
34.000,34.257,0.125647
34.010,32.371,0.036248
34.020,54.455,0.034477
34.030,32.756,0.379558
34.040,33.098,0.475892
34.050,32.997,0.386571
34.060,33.291,0.505942
34.070,32.949,0.381123
34.080,51.318,0.143996
34.090,51.045,0.122772
34.100,33.321,0.038426
34.110,34.116,0.060665
34.120,32.381,0.011802
34.130,33.158,0.054415
34.140,33.867,0.241709
34.150,33.925,0.450603
34.160,33.757,0.034127
34.170,54.379,0.033748
34.180,33.114,0.116756
34.190,32.780,0.540426
34.200,32.555,0.119982
34.210,32.397,0.168766
34.220,32.411,0.082656
34.230,35.612,0.144430
34.240,33.797,0.193668
34.250,33.793,0.231971
34.260,33.662,0.052344
34.270,32.321,0.045875
34.280,32.518,0.132682
34.290,33.409,0.110859
34.300,39.783,0.028354
34.310,55.197,0.048510
34.320,54.310,0.036820
34.330,33.661,0.007587
34.340,33.203,0.047515
34.350,33.199,0.259014
34.360,32.594,0.369357
34.370,43.030,0.037244
34.380,32.393,0.017005
34.390,59.864,0.117584
34.400,57.355,0.089489
34.410,57.534,0.051099
34.420,32.225,0.019491
34.430,32.400,0.006965
34.440,32.231,0.009047
34.450,32.387,0.011304
34.460,34.068,0.329861
34.470,32.382,0.044363
34.480,32.151,0.007945
34.490,32.114,0.022379
34.500,32.258,0.017853
34.510,33.058,0.160154
34.520,39.263,0.241005
34.530,36.798,0.273615
34.540,34.974,0.109796
34.550,33.302,0.038307
34.560,33.153,0.021660
34.570,33.132,0.019516
34.580,32.095,0.109120
34.590,32.226,0.030332
34.600,32.550,0.025435
34.610,35.605,0.235450
34.620,35.589,0.232968
34.630,35.618,0.303537
34.640,34.057,0.065402
34.650,33.514,0.121830
34.660,33.702,0.157230
34.670,33.210,0.125186
34.680,32.395,0.298303
34.690,32.206,0.055798
34.700,33.155,0.010686
34.710,51.584,0.031692
34.720,34.823,0.097485
34.730,35.368,0.308079
34.740,35.781,0.293349
34.750,35.452,0.099204
34.760,33.509,0.050051
34.770,32.225,0.086698
34.780,32.229,0.015787
34.790,32.247,0.010728
34.800,32.533,0.011436
34.810,32.461,0.396177
34.820,32.554,0.530867
34.830,32.816,0.500386
34.840,39.549,0.258871
34.850,39.859,0.426645
34.860,42.239,0.322028
34.870,42.343,0.130556
34.880,33.259,0.186419
34.890,33.214,0.111343
34.900,32.753,0.120972
34.910,32.840,0.026022
34.920,282.757,0.132347
34.930,282.514,0.037495
34.940,273.529,0.019010
34.950,32.401,0.010076
34.960,134.574,0.025707
34.970,32.348,0.006475
34.980,55.134,0.007744
34.990,32.188,0.165926
35.000,62.069,0.099684
35.010,54.793,0.055724
35.020,54.473,0.054916
35.030,48.557,0.058724
35.040,33.975,0.064677
35.050,32.462,0.066972
35.060,32.000,0.069544
35.070,40.556,0.307561
35.080,40.067,0.109705
35.090,40.094,0.126708
35.100,40.086,0.073480
35.110,33.045,0.096470
35.120,32.907,0.100077
35.130,33.125,0.154733
35.140,32.642,0.098948
35.150,56.337,0.055299
35.160,56.322,0.032958
35.170,35.388,0.018035
35.180,37.145,0.088192
35.190,36.110,0.032673
35.200,34.369,0.096445
35.210,32.609,0.237013
35.220,32.231,0.250392
35.230,89.095,0.071903
35.240,89.722,0.270325
35.250,32.776,0.048269
35.260,31.910,0.064854
35.270,31.917,0.040535
35.280,32.135,0.074155
35.290,32.170,0.072045
35.300,32.492,0.013370
35.310,32.474,0.013098
35.320,54.584,0.011798
35.330,43.178,0.011546
35.340,32.208,0.026918
35.350,35.387,0.189303
35.360,35.122,0.187517
35.370,45.285,0.237977
35.380,46.631,0.574131
35.390,34.285,0.132240
35.400,34.063,0.230991
35.410,40.471,0.035876
35.420,37.597,0.035352
35.430,36.711,0.253149
35.440,36.219,0.301586
35.450,66.439,0.108483
35.460,32.603,0.103268
35.470,52.224,0.123701
35.480,35.414,0.263170
35.490,35.288,0.065149
35.500,33.197,0.099652
35.510,32.561,0.075133
35.520,32.140,0.072378
35.530,32.040,0.050823
35.540,32.047,0.030124
35.550,53.946,0.099267
35.560,54.698,0.140022
35.570,54.482,0.036730
35.580,40.257,0.010972
35.590,32.029,0.008155
35.600,32.001,0.086449
35.610,32.242,0.063849
35.620,52.315,0.064897
35.630,52.049,0.164282
35.640,51.527,0.123545
35.650,32.663,0.490227
35.660,32.608,0.126247
35.670,32.266,0.041135
35.680,39.964,0.045075
35.690,42.527,0.102240
35.700,42.713,0.266309
35.710,54.100,0.049701
35.720,53.834,0.065294
35.730,53.297,0.084953
35.740,34.518,0.128624
35.750,35.429,0.174881
35.760,34.239,0.110421
35.770,33.882,0.069528
35.780,33.060,0.077663
35.790,39.043,0.106974
35.800,37.946,0.002688
35.810,35.728,0.014725
35.820,42.406,0.054636
35.830,32.129,0.023337
35.840,32.125,0.133343
35.850,33.224,0.204485
35.860,33.482,0.397532
35.870,33.010,0.282507
35.880,39.961,0.023100
35.890,34.148,0.109282
35.900,35.627,0.082457
35.910,1817.532,0.007052
35.920,1784.858,0.021583
35.930,1187.864,0.012364
35.940,1825.383,0.022593
35.950,55.333,0.016731
35.960,1823.446,0.049136
35.970,1821.420,0.045498
35.980,1831.391,0.029334
35.990,1819.443,0.019341
36.000,33.970,0.314731
36.010,34.199,0.040507
36.020,921.340,0.089420
36.030,1839.759,0.137834
36.040,1818.621,0.117493
36.050,1831.876,0.087700
36.060,1842.174,0.038708
36.070,1842.832,0.034178
36.080,403.248,0.019081
36.090,1184.837,0.019581
36.100,1178.354,0.033804
36.110,1230.830,0.019190
36.120,1229.911,0.022077
36.130,1766.836,0.030133
36.140,1179.396,0.029183
36.150,1181.397,0.023959
36.160,1788.135,0.024647
36.170,1790.506,0.043186
36.180,1788.773,0.040151
36.190,1790.702,0.025046
36.200,593.450,0.075676
36.210,976.791,0.015710
36.220,1792.969,0.006643
36.230,35.181,0.082309
36.240,33.110,0.091730
36.250,32.425,0.017603
36.260,32.886,0.102904
36.270,32.921,0.084821
36.280,45.637,0.209261
36.290,45.824,0.341810
36.300,45.756,0.098013
36.310,1239.838,0.037245
36.320,1234.627,0.019853
36.330,1176.547,0.011785
36.340,1218.974,0.006074
36.350,1234.715,0.012555
36.360,1220.811,0.005477
36.370,1030.773,0.010289
36.380,1117.082,0.009146
36.390,1007.693,0.014208
36.400,987.522,0.039835
36.410,982.542,0.020542
36.420,945.853,0.005778
36.430,924.912,0.007550
36.440,33.232,0.020020
36.450,32.802,0.067532
36.460,1218.830,0.010114
36.470,1233.566,0.017645
36.480,1223.873,0.047762
36.490,1318.598,0.021995
36.500,1311.668,0.018434
36.510,1324.138,0.016876
36.520,1346.008,0.035051
36.530,1343.602,0.022454
36.540,35.010,0.024949
36.550,35.247,0.019750
36.560,1321.847,0.014269
36.570,1324.642,0.012370
36.580,1885.769,0.005675
36.590,967.878,0.009112
36.600,1881.164,0.013825
36.610,1866.634,0.005024
36.620,938.614,0.007767
36.630,1808.438,0.009154
36.640,1799.698,0.009631
36.650,1783.377,0.014663
36.660,1164.921,0.014733
36.670,1172.406,0.019629
36.680,1229.642,0.036973
36.690,33.006,0.006845
36.700,32.822,0.016414
36.710,32.740,0.011823
36.720,32.716,0.008967
36.730,1032.268,0.014113
36.740,1041.486,0.015676
36.750,1041.194,0.010651
36.760,1136.083,0.010639
36.770,32.134,0.005074
36.780,50.063,0.001833
36.790,43.269,0.002577
36.800,35.536,0.119035
36.810,36.287,0.218229
36.820,36.395,0.067314
36.830,46.407,0.170420
36.840,40.047,0.087643
36.850,39.721,0.083101
36.860,32.515,0.110104
36.870,32.407,0.022102
36.880,1297.075,0.017571
36.890,1318.394,0.014810
36.900,676.695,0.004487
36.910,1981.151,0.003829
36.920,1986.501,0.003633
36.930,1988.796,0.002604
36.940,1055.682,0.001596
36.950,1052.554,0.001986
36.960,1051.502,0.001327
36.970,1050.876,0.001870
36.980,1048.053,0.001890
36.990,1974.178,0.003447
37.000,1976.232,0.009156
37.010,1323.221,0.024703
37.020,1340.996,0.058485
37.030,1347.302,0.045780
37.040,1329.506,0.028478
37.050,1969.685,0.027055
37.060,356.920,0.103366
37.070,664.257,0.030720
37.080,1188.938,0.021445
37.090,1203.187,0.025970
37.100,1234.216,0.046859
37.110,1236.328,0.032050
37.120,1661.190,0.018507
37.130,1181.131,0.062614
37.140,1172.541,0.104145
37.150,1164.800,0.061479
37.160,1156.255,0.008663
37.170,1147.654,0.001995
37.180,1122.566,0.000950
37.190,551.981,0.000818
37.200,1469.104,0.001065
37.210,1094.030,0.001409
37.220,1085.943,0.002008
37.230,1075.015,0.001676
37.240,1065.814,0.001740
37.250,1419.587,0.002682
37.260,1060.625,0.001700
37.270,1060.668,0.003806
37.280,1425.922,0.002440
37.290,1062.752,0.003518
37.300,1089.328,0.004251
37.310,1894.485,0.005365
37.320,34.741,0.003238
37.330,1326.443,0.003926
37.340,1319.562,0.007984
37.350,1319.974,0.013767
37.360,1324.513,0.007972
37.370,1337.690,0.025422
37.380,1332.034,0.090536
37.390,1337.541,0.097810
37.400,1334.592,0.135682
37.410,1330.220,0.137501
37.420,1322.903,0.181683
37.430,1310.629,0.146403
37.440,1305.501,0.134548
37.450,1301.909,0.086778
37.460,1300.466,0.093718
37.470,1299.512,0.025881
37.480,1749.641,0.015496
37.490,1189.529,0.014198
37.500,1177.812,0.039454
37.510,1170.097,0.028093
37.520,1158.442,0.015590
37.530,1143.295,0.003486
37.540,553.170,0.001976
37.550,552.449,0.003525
37.560,551.218,0.001787
37.570,549.636,0.001665
37.580,1088.888,0.002544
37.590,1085.532,0.002960
37.600,1081.403,0.002399
37.610,1415.613,0.002009
37.620,1059.169,0.002109
37.630,1058.091,0.001657
37.640,1986.882,0.004368
37.650,1985.731,0.013357
37.660,1985.574,0.021046
37.670,1976.701,0.011874
37.680,1966.184,0.015612
37.690,1960.291,0.010908
37.700,1946.877,0.004287
37.710,1933.757,0.007354
37.720,1909.204,0.009035
37.730,1891.993,0.013603
37.740,1875.861,0.007647
37.750,1859.922,0.003035
37.760,1852.697,0.000587
37.770,1798.784,0.000281
37.780,1186.472,0.001442
37.790,1761.001,0.002055
37.800,1753.502,0.003428
37.810,1173.915,0.003732
37.820,1165.354,0.005473
37.830,1705.766,0.012979
37.840,1700.936,0.020265
37.850,1694.996,0.014134
37.860,1682.727,0.003953
37.870,1660.805,0.006255
37.880,1658.997,0.005707
37.890,1121.644,0.002571
37.900,1108.251,0.001443
37.910,1110.764,0.001257
37.920,1114.984,0.007465
37.930,1121.896,0.017025
37.940,1111.614,0.013001
37.950,32.090,0.006184
37.960,1312.540,0.009743
37.970,1303.685,0.014924
37.980,1114.932,0.050263
37.990,554.375,0.044661
38.000,551.753,0.021788
38.010,1089.744,0.010323
38.020,1974.801,0.020531
38.030,1980.598,0.049391
38.040,1976.252,0.024451
38.050,1963.656,0.025355
38.060,1961.879,0.008370
38.070,1971.858,0.030180
38.080,1982.153,0.108627
38.090,1979.602,0.034110
38.100,1971.008,0.013066
38.110,1964.184,0.008468
38.120,1966.036,0.019658
38.130,1980.253,0.090506
38.140,1975.850,0.058663
38.150,1962.540,0.024219
38.160,1406.274,0.012998
38.170,1970.565,0.009947
38.180,1969.891,0.010199
38.190,1964.846,0.012914
38.200,1957.347,0.008226
38.210,974.462,0.009860
38.220,978.049,0.016280
38.230,1974.017,0.053754
38.240,1977.511,0.040142
38.250,1963.975,0.026844
38.260,1956.330,0.031534
38.270,1957.537,0.025765
38.280,1945.352,0.015685
38.290,1949.979,0.019473
38.300,1953.186,0.017514
38.310,1946.322,0.010114
38.320,971.497,0.022301
38.330,1971.828,0.052697
38.340,1977.697,0.094585
38.350,1968.344,0.037689
38.360,1955.879,0.028491
38.370,972.618,0.010757
38.380,968.413,0.005542
38.390,1968.628,0.005495
38.400,1967.286,0.005731
38.410,1959.956,0.004850
38.420,1906.401,0.009981
38.430,1869.667,0.104079
38.440,1861.030,0.080980
38.450,1870.690,0.032852
38.460,1901.481,0.023649
38.470,942.721,0.020621
38.480,1854.463,0.193191
38.490,1834.388,0.449368
38.500,1812.427,0.122292
38.510,33.011,0.021212
38.520,1822.006,0.150793
38.530,55.286,0.032826
38.540,457.386,0.075749
38.550,455.304,0.144332
38.560,32.736,0.051588
38.570,52.200,0.261401
38.580,32.619,0.089687
38.590,32.965,0.182452
38.600,33.311,0.289181
38.610,33.561,0.262169
38.620,33.876,0.065446
38.630,1870.519,0.070094
38.640,226.623,0.055849
38.650,33.243,0.196773
38.660,34.084,0.236455
38.670,34.102,0.056352
38.680,34.288,0.029797
38.690,943.360,0.021424
38.700,35.307,0.020365
38.710,35.549,0.009067
38.720,33.796,0.044489
38.730,33.951,0.045472
38.740,34.122,0.082776
38.750,33.728,0.386924
38.760,34.058,0.342525
38.770,33.647,0.549668
38.780,33.352,0.705324
38.790,32.903,0.689855
38.800,32.697,0.540825
38.810,32.314,0.024087
38.820,32.212,0.040802
38.830,32.735,0.037035
38.840,37.672,0.074203
38.850,33.544,0.070257
38.860,33.173,0.421896
38.870,32.911,0.409881
38.880,32.707,0.368888
38.890,56.917,0.023797
38.900,37.090,0.196003
38.910,37.143,0.107407
38.920,37.266,0.116295
38.930,36.376,0.272654
38.940,35.227,0.220217
38.950,34.193,0.298941
38.960,34.393,0.231552
38.970,37.648,0.058751
38.980,32.302,0.023218
38.990,32.394,0.011471
39.000,33.585,0.094823
39.010,33.212,0.110236
39.020,33.186,0.045816
39.030,33.139,0.105028
39.040,32.829,0.285381
39.050,39.890,0.205572
39.060,41.365,0.237889
39.070,40.805,0.127096
39.080,40.293,0.028494
39.090,236.412,0.014304
39.100,33.702,0.034766
39.110,33.628,0.409394
39.120,34.211,0.146590
39.130,32.748,0.044229
39.140,54.676,0.244544
39.150,54.556,0.171137
39.160,34.695,0.043906
39.170,34.547,0.238392
39.180,38.616,0.214538
39.190,33.011,0.173951
39.200,32.242,0.201108
39.210,36.225,0.086813
39.220,36.192,0.073700
39.230,40.208,0.087717
39.240,40.279,0.037114
39.250,40.738,0.008078
39.260,41.113,0.059636
39.270,42.423,0.059297
39.280,42.028,0.298414
39.290,42.164,0.119957
39.300,37.622,0.175613
39.310,37.618,0.187393
39.320,39.791,0.134214
39.330,39.877,0.041045
39.340,32.408,0.006153
39.350,32.430,0.003678
39.360,36.356,0.028477
39.370,36.326,0.234524
39.380,48.830,0.101632
39.390,48.474,0.134811
39.400,34.028,0.104934
39.410,39.332,0.054055
39.420,38.584,0.240068
39.430,38.377,0.089076
39.440,32.330,0.019373
39.450,34.633,0.417611
39.460,34.867,0.195147
39.470,34.733,0.161431
39.480,36.268,0.034635
39.490,35.871,0.066037
39.500,78.644,0.051074
39.510,73.119,0.079571
39.520,35.545,0.039157
39.530,35.574,0.202991
39.540,35.749,0.282329
39.550,36.134,0.060054
39.560,35.465,0.153728
39.570,35.230,0.112483
39.580,34.575,0.360479
39.590,33.602,0.638554
39.600,33.668,0.284899
39.610,32.331,0.120038
39.620,85.300,0.020123
39.630,84.431,0.101813
39.640,85.487,0.072824
39.650,32.430,0.105315
39.660,32.590,0.052217
39.670,32.337,0.021133
39.680,41.286,0.062202
39.690,32.059,0.085103
39.700,32.917,0.560290
39.710,33.470,0.723819
39.720,33.765,0.410342
39.730,33.678,0.093980
39.740,33.549,0.212958
39.750,33.996,0.089208
39.760,55.795,0.085249
39.770,52.285,0.256415
39.780,52.153,0.123903
39.790,49.011,0.073904
39.800,269.840,0.046026
39.810,34.291,0.068223
39.820,32.918,0.346971
39.830,32.885,0.459513
39.840,32.643,0.026465
39.850,32.962,0.013014
39.860,32.941,0.033270
39.870,33.731,0.043252
39.880,34.361,0.324279
39.890,276.416,0.157539
39.900,34.334,0.593811
39.910,33.933,0.212850
39.920,33.247,0.554440
39.930,37.165,0.036275
39.940,37.012,0.274406
39.950,37.262,0.245093
39.960,38.899,0.079691
39.970,38.287,0.209999
39.980,33.323,0.178441
39.990,33.763,0.495402
40.000,33.690,0.420850
40.010,33.646,0.712272
40.020,33.918,0.842888
40.030,33.477,0.749254
40.040,33.034,0.107056
40.050,32.857,0.043887
40.060,39.934,0.056773
40.070,40.017,0.079348
40.080,32.719,0.182747
40.090,36.018,0.257144
40.100,34.530,0.187655
40.110,33.932,0.247776
40.120,33.265,0.257011
40.130,51.834,0.022857
40.140,44.229,0.085085
40.150,44.600,0.011046
40.160,34.875,0.011441
40.170,54.466,0.028467
40.180,54.262,0.026636
40.190,37.855,0.050599
40.200,37.662,0.049107
40.210,36.231,0.029344
40.220,35.638,0.026322
40.230,35.577,0.162520
40.240,35.152,0.105096
40.250,33.299,0.166050
40.260,33.957,0.068002
40.270,34.691,0.392065
40.280,35.184,0.107319
40.290,153.906,0.057198
40.300,52.153,0.089657
40.310,52.133,0.235568
40.320,51.023,0.040522
40.330,51.487,0.057744
40.340,52.083,0.100139
40.350,44.893,0.046972
40.360,33.201,0.594667
40.370,32.632,0.765898
40.380,32.258,0.388760
40.390,32.203,0.037461
40.400,1408.046,0.044702
40.410,41.974,0.029507
40.420,43.329,0.040534
40.430,53.170,0.111767
40.440,51.625,0.129412
40.450,50.988,0.175379
40.460,42.913,0.053918
40.470,39.540,0.142144
40.480,39.083,0.432512
40.490,39.014,0.013111
40.500,1398.541,0.005615
40.510,1395.511,0.017319
40.520,1402.880,0.024017
40.530,1403.395,0.056572
40.540,1106.131,0.010445
40.550,1170.146,0.014833
40.560,1201.921,0.010757
40.570,1175.703,0.014942
40.580,1233.807,0.021268
40.590,1872.587,0.006613
40.600,1859.460,0.012859
40.610,1843.369,0.032436
40.620,1395.328,0.023272
40.630,40.333,0.014651
40.640,39.917,0.079288
40.650,46.341,0.088803
40.660,1406.810,0.024654
40.670,1772.450,0.093352
40.680,1774.948,0.064583
40.690,33.129,0.208601
40.700,32.836,0.068652
40.710,1786.101,0.036479
40.720,1785.623,0.042594
40.730,36.360,0.022910
40.740,38.419,0.084577
40.750,39.080,0.128817
40.760,37.704,0.016899
40.770,32.951,0.034056
40.780,33.168,0.031572
40.790,39.607,0.051149
40.800,44.623,0.021730
40.810,45.279,0.024339
40.820,37.174,0.037921
40.830,33.191,0.117095
40.840,37.424,0.206053
40.850,37.372,0.211890
40.860,38.973,0.136422
40.870,43.139,0.322038
40.880,44.758,0.067554
40.890,33.333,0.168618
40.900,33.548,0.380767
40.910,33.314,0.127398
40.920,47.826,0.094466
40.930,46.781,0.190570
40.940,52.092,0.214785
40.950,51.956,0.694836
40.960,257.876,0.149936
40.970,34.272,0.295065
40.980,33.018,0.044442
40.990,32.298,0.013097
41.000,50.768,0.041158
41.010,35.608,0.037583
41.020,34.686,0.035761
41.030,34.001,0.009603
41.040,33.615,0.089409
41.050,34.127,0.114692
41.060,34.223,0.405461
41.070,33.754,0.168233
41.080,33.395,0.281983
41.090,34.041,0.372814
41.100,34.229,0.097681
41.110,39.652,0.215138
41.120,35.287,0.126835
41.130,32.333,0.017835
41.140,32.311,0.020228
41.150,32.377,0.074751
41.160,32.304,0.444686
41.170,36.099,0.170741
41.180,37.229,0.223346
41.190,37.921,0.070778
41.200,32.335,0.046400
41.210,55.196,0.042328
41.220,55.393,0.016017
41.230,55.947,0.006203
41.240,32.114,0.021414
41.250,32.012,0.058418
41.260,54.451,0.044159
41.270,61.168,0.019775
41.280,37.782,0.079647
41.290,37.465,0.086551
41.300,34.649,0.307606
41.310,39.976,0.146468
41.320,40.850,0.145912
41.330,42.153,0.082778
41.340,46.435,0.010531
41.350,33.109,0.040646
41.360,33.662,0.148755
41.370,34.160,0.029487
41.380,39.348,0.037109
41.390,44.330,0.108602
41.400,44.968,0.482325
41.410,46.473,0.226417
41.420,55.737,0.048435
41.430,55.339,0.048507
41.440,36.489,0.028238
41.450,32.354,0.010782
41.460,32.866,0.007028
41.470,44.570,0.015456
41.480,44.254,0.161572
41.490,43.878,0.062515
41.500,33.125,0.046617
41.510,33.310,0.111413
41.520,33.491,0.070926
41.530,33.399,0.142317
41.540,33.019,0.073956
41.550,32.642,0.163486
41.560,32.679,0.206953
41.570,53.680,0.062525
41.580,52.786,0.057594
41.590,32.032,0.071096
41.600,36.264,0.037007
41.610,32.526,0.043441
41.620,43.247,0.034817
41.630,32.275,0.009252
41.640,459.820,0.126073
41.650,34.772,0.062458
41.660,250.374,0.013717
41.670,32.352,0.008568
41.680,32.943,0.035594
41.690,35.424,0.209582
41.700,35.514,0.193639
41.710,32.636,0.057526
41.720,32.435,0.015736
41.730,32.311,0.031861
41.740,33.500,0.056953
41.750,32.332,0.012129
41.760,33.124,0.009645
41.770,33.409,0.046276
41.780,35.462,0.070752
41.790,36.571,0.033645
41.800,53.903,0.103555
41.810,54.775,0.468347
41.820,55.240,0.445832
41.830,55.509,0.052524
41.840,32.218,0.053665
41.850,32.193,0.028201
41.860,154.031,0.016422
41.870,51.847,0.023452
41.880,35.458,0.156815
41.890,35.748,0.074594
41.900,39.924,0.019335
41.910,40.976,0.034939
41.920,32.673,0.179383
41.930,32.614,0.209646
41.940,32.385,0.028203
41.950,34.228,0.079111
41.960,33.620,0.015480
41.970,55.972,0.001859
41.980,55.738,0.007660
41.990,57.742,0.007923
42.000,70.297,0.019979
42.010,35.775,0.018999
42.020,32.303,0.005175
42.030,54.712,0.069380
42.040,53.104,0.270408
42.050,53.642,0.215609
42.060,48.871,0.050077
42.070,48.689,0.073978
42.080,56.888,0.042435
42.090,56.789,0.033511
42.100,55.406,0.027682
42.110,54.734,0.023555
42.120,142.388,0.020353
42.130,46.618,0.046753
42.140,46.759,0.054983
42.150,33.072,0.036482
42.160,32.404,0.013450
42.170,40.615,0.001974
42.180,42.313,0.012077
42.190,36.283,0.015153
42.200,34.528,0.035884
42.210,33.915,0.021398
42.220,32.287,0.063416
42.230,32.286,0.075320
42.240,33.112,0.066661
42.250,32.787,0.143185
42.260,32.786,0.224546
42.270,32.873,0.120928
42.280,32.869,0.081312
42.290,35.938,0.054459
42.300,154.892,0.021631
42.310,51.484,0.046549
42.320,51.928,0.069501
42.330,32.426,0.103359
42.340,32.510,0.162839
42.350,32.376,0.006424
42.360,32.260,0.006246
42.370,32.197,0.014059
42.380,32.208,0.014300
42.390,32.339,0.010847
42.400,32.723,0.006483
42.410,32.373,0.033294
42.420,31.968,0.067291
42.430,32.329,0.014693
42.440,33.910,0.030952
42.450,32.274,0.016349
42.460,32.091,0.039424
42.470,32.156,0.093068
42.480,32.230,0.272812
42.490,33.033,0.170499
42.500,36.128,0.197883
42.510,36.972,0.124717
42.520,33.091,0.276153
42.530,33.838,0.340726
42.540,39.337,0.034183
42.550,55.286,0.011910
42.560,55.235,0.024846
42.570,33.040,0.029152
42.580,32.409,0.029704
42.590,40.701,0.066062
42.600,39.887,0.108490
42.610,39.937,0.464696
42.620,39.906,0.045711
42.630,32.332,0.099197
42.640,32.639,0.042379
42.650,101.631,0.016493
42.660,52.124,0.033497
42.670,32.671,0.147726
42.680,46.983,0.051291
42.690,48.846,0.171342
42.700,49.719,0.041904
42.710,36.018,0.032096
42.720,116.593,0.004062
42.730,32.130,0.007170
42.740,37.830,0.026219
42.750,37.829,0.052158
42.760,37.752,0.033289
42.770,37.548,0.013388
42.780,74.764,0.040929
42.790,36.566,0.069461
42.800,36.065,0.107660
42.810,32.871,0.006497
42.820,55.415,0.005669
42.830,1220.876,0.008815
42.840,32.106,0.012659
42.850,33.322,0.022970
42.860,33.100,0.017287
42.870,1861.626,0.054459
42.880,1858.053,0.054607
42.890,32.938,0.123623
42.900,32.964,0.151863
42.910,32.322,0.048376
42.920,57.097,0.016497
42.930,57.436,0.023798
42.940,42.580,0.103291
42.950,42.924,0.254556
42.960,276.724,0.195339
42.970,47.154,0.168138
42.980,32.355,0.049319
42.990,32.309,0.029186
43.000,35.492,0.044213
43.010,36.417,0.152567
43.020,36.037,0.341386
43.030,43.573,0.068967
43.040,32.275,0.007670
43.050,32.232,0.021462
43.060,34.498,0.610624
43.070,33.508,0.029895
43.080,32.426,0.007693
43.090,150.681,0.008039
43.100,34.053,0.040867
43.110,34.492,0.487737
43.120,34.684,0.471751
43.130,37.240,0.055468
43.140,38.139,0.048040
43.150,157.454,0.034003
43.160,161.450,0.109005
43.170,166.759,0.302424
43.180,168.961,0.497024
43.190,32.344,0.008551
43.200,32.197,0.024669
43.210,32.126,0.198734
43.220,32.763,0.145002
43.230,33.076,0.145687
43.240,55.548,0.260443
43.250,54.959,0.085773
43.260,32.383,0.184704
43.270,32.215,0.099986
43.280,49.046,0.058407
43.290,48.794,0.059178
43.300,32.396,0.028244
43.310,32.861,0.024044
43.320,38.241,0.017818
43.330,37.862,0.027823
43.340,37.594,0.085151
43.350,1863.629,0.072061
43.360,32.606,0.055059
43.370,32.827,0.161956
43.380,32.881,0.319558
43.390,33.569,0.079661
43.400,37.052,0.255418
43.410,33.311,0.143850
43.420,33.090,0.150178
43.430,33.010,0.075895
43.440,32.698,0.052091
43.450,32.467,0.087674
43.460,32.076,0.021929
43.470,32.366,0.025843
43.480,32.467,0.043014
43.490,945.943,0.011261
43.500,949.713,0.009198
43.510,1933.721,0.008295
43.520,32.296,0.011322
43.530,32.835,0.067791
43.540,32.837,0.209639
43.550,32.947,0.215092
43.560,33.306,0.159360
43.570,32.964,0.021675
43.580,32.735,0.108485
43.590,32.254,0.049586
43.600,32.530,0.022747
43.610,32.765,0.008020
43.620,891.598,0.013478
43.630,1843.368,0.007494
43.640,31.967,0.138545
43.650,31.910,0.078334
43.660,32.346,0.037631
43.670,33.949,0.257777
43.680,34.223,0.126134
43.690,35.960,0.110938
43.700,35.431,0.237660
43.710,35.421,0.182406
43.720,32.660,0.030634
43.730,33.311,0.131999
43.740,34.043,0.300974
43.750,34.350,0.573025
43.760,33.792,0.490490
43.770,33.113,0.274772
43.780,32.791,0.092714
43.790,46.683,0.197641
43.800,48.821,0.022580
43.810,50.938,0.066601
43.820,51.731,0.073433
43.830,54.190,0.057498
43.840,1235.048,0.033554
43.850,114.564,0.002130
43.860,978.205,0.003066
43.870,32.853,0.033353
43.880,38.955,0.183895
43.890,39.028,0.571801
43.900,39.298,0.320184
43.910,39.250,0.267889
43.920,33.490,0.345379
43.930,33.154,0.623626
43.940,32.730,0.381266
43.950,32.984,0.486873
43.960,33.209,0.015384
43.970,51.822,0.042660
43.980,32.222,0.025341
43.990,32.612,0.080620
44.000,32.907,0.058883
44.010,32.875,0.043171
44.020,33.003,0.096838
44.030,32.890,0.015198
44.040,33.005,0.004263
44.050,1212.650,0.005972
44.060,1217.817,0.010402
44.070,1233.550,0.009470
44.080,1252.515,0.008063
44.090,1255.292,0.019847
44.100,1245.788,0.025610
44.110,1250.939,0.027677
44.120,1278.284,0.028821
44.130,1320.576,0.010462
44.140,1243.836,0.011102
44.150,1930.980,0.005906
44.160,1243.078,0.008008
44.170,1226.180,0.012244
44.180,50.384,0.020176
44.190,1225.698,0.022269
44.200,32.273,0.018927
44.210,32.139,0.011920
44.220,32.167,0.004242
44.230,51.803,0.026531
44.240,37.897,0.059127
44.250,39.524,0.076576
44.260,39.419,0.013480
44.270,33.453,0.107685
44.280,33.635,0.369237
44.290,54.626,0.022158
44.300,54.389,0.015850
44.310,39.224,0.005696
44.320,38.961,0.030089
44.330,32.331,0.009218
44.340,32.199,0.007809
44.350,32.215,0.015077
44.360,32.329,0.004660
44.370,1113.705,0.011202
44.380,1020.574,0.036674
44.390,1004.471,0.018619
44.400,995.409,0.010105
44.410,1024.135,0.006569
44.420,1010.725,0.015384
44.430,1021.132,0.011209
44.440,591.443,0.019639
44.450,84.984,0.044621
44.460,85.398,0.124125
44.470,33.302,0.145284
44.480,33.348,0.413795
44.490,32.812,0.007042
44.500,1113.336,0.011608
44.510,32.216,0.026551
44.520,32.284,0.226010
44.530,32.519,0.084086
44.540,32.899,0.036445
44.550,42.338,0.212391
44.560,42.220,0.740150
44.570,42.250,0.214594
44.580,32.291,0.140605
44.590,32.293,0.044756
44.600,32.146,0.034526
44.610,32.229,0.026174
44.620,32.742,0.032202
44.630,32.675,0.374352
44.640,32.493,0.063623
44.650,471.019,0.084132
44.660,467.550,0.113394
44.670,35.768,0.016246
44.680,42.231,0.019555
44.690,36.109,0.043915
44.700,203.236,0.036756
44.710,395.214,0.030508
44.720,37.361,0.032388
44.730,32.751,0.042660
44.740,32.828,0.143198
44.750,32.439,0.080112
44.760,33.097,0.107728
44.770,33.160,0.022728
44.780,935.192,0.022666
44.790,939.150,0.037244
44.800,1863.277,0.059685
44.810,1873.680,0.018971
44.820,35.523,0.020582
44.830,49.230,0.039734
44.840,32.885,0.038704
44.850,33.849,0.190324
44.860,33.520,0.063956
44.870,55.274,0.023172
44.880,53.745,0.067592
44.890,53.822,0.033066
44.900,54.535,0.011021
44.910,32.836,0.009618
44.920,1826.423,0.007940
44.930,32.696,0.006984
44.940,32.936,0.072327
44.950,32.859,0.299775
44.960,32.817,0.133561
44.970,32.889,0.053898
44.980,33.338,0.055612
44.990,33.300,0.397967
45.000,33.694,0.446583
45.010,33.068,0.140551
45.020,40.010,0.064098
45.030,40.265,0.021219
45.040,32.718,0.026389
45.050,33.881,0.043182
45.060,33.488,0.010751
45.070,33.726,0.009259
45.080,33.173,0.024871
45.090,32.275,0.004164
45.100,32.066,0.011198
45.110,33.047,0.031936
45.120,32.995,0.182226
45.130,33.148,0.453586
45.140,32.928,0.042070
45.150,55.584,0.030896
45.160,55.413,0.197378
45.170,55.112,0.218550
45.180,54.590,0.038763
45.190,33.987,0.025612
45.200,34.020,0.207468
45.210,34.030,0.273645
45.220,32.914,0.288906
45.230,32.664,0.180507
45.240,59.409,0.117546
45.250,60.451,0.066345
45.260,33.330,0.045555
45.270,33.366,0.042081
45.280,33.520,0.040524
45.290,33.859,0.194806
45.300,33.911,0.241951
45.310,33.474,0.141440
45.320,33.025,0.118476
45.330,46.289,0.465920
45.340,46.466,0.227014
45.350,51.304,0.130058
45.360,51.905,0.062503
45.370,43.763,0.089670
45.380,43.643,0.194788
45.390,34.347,0.086389
45.400,34.321,0.288505
45.410,33.866,0.225854
45.420,34.412,0.080446
45.430,32.893,0.442753
45.440,32.990,0.728608
45.450,32.320,0.341219
45.460,35.877,0.214235
45.470,35.654,0.561563
45.480,33.113,0.045288
45.490,44.828,0.073935
45.500,44.553,0.520015
45.510,44.410,0.168723
45.520,32.581,0.034540
45.530,33.529,0.015914
45.540,34.339,0.007544
45.550,84.617,0.030865
45.560,84.789,0.016264
45.570,32.288,0.007661
45.580,32.242,0.003448
45.590,1165.693,0.009370
45.600,32.278,0.034006
45.610,32.403,0.036187
45.620,32.451,0.016630
45.630,32.734,0.004329
45.640,33.671,0.017426
45.650,37.550,0.102842
45.660,37.239,0.070715
45.670,33.459,0.036537
45.680,33.385,0.712390
45.690,33.325,0.464626
45.700,48.338,0.065487
45.710,48.729,0.153154
45.720,48.552,0.039303
45.730,48.774,0.195662
45.740,48.166,0.103790
45.750,47.643,0.145898
45.760,38.850,0.221011
45.770,38.426,0.325821
45.780,39.148,0.038409
45.790,46.792,0.103733
45.800,45.567,0.154979
45.810,43.826,0.036797
45.820,43.680,0.040991
45.830,54.323,0.011129
45.840,32.652,0.025029
45.850,174.191,0.024855
45.860,34.209,0.068947
45.870,33.338,0.101116
45.880,33.530,0.089456
45.890,32.852,0.329493
45.900,33.458,0.387879
45.910,32.282,0.201613
45.920,40.739,0.126045
45.930,37.731,0.096742
45.940,32.365,0.014643
45.950,32.168,0.024739
45.960,155.170,0.052927
45.970,37.469,0.077356
45.980,34.905,0.231240
45.990,35.890,0.060614
46.000,36.580,0.040922
46.010,39.567,0.117406
46.020,39.721,0.086216
46.030,80.625,0.018677
46.040,39.643,0.014204
46.050,1829.652,0.013292
46.060,1820.173,0.005503
46.070,922.288,0.020446
46.080,36.953,0.017984
46.090,33.191,0.024465
46.100,33.379,0.125756
46.110,32.731,0.319807
46.120,33.166,0.161658
46.130,40.106,0.030641
46.140,34.157,0.043583
46.150,42.560,0.017256
46.160,38.335,0.060279
46.170,35.657,0.043754
46.180,34.242,0.015024
46.190,33.021,0.010907
46.200,32.675,0.020853
46.210,32.472,0.112326
46.220,32.885,0.110937
46.230,35.237,0.771313
46.240,35.449,0.138476
46.250,32.568,0.031462
46.260,32.566,0.245516
46.270,32.750,0.075667
46.280,36.112,0.084853
46.290,35.923,0.100850
46.300,32.323,0.023692
46.310,33.974,0.019908
46.320,1303.755,0.016158
46.330,1299.502,0.006890
46.340,32.374,0.003772
46.350,32.382,0.023646
46.360,32.556,0.120443
46.370,32.746,0.035311
46.380,445.133,0.074032
46.390,448.566,0.024415
46.400,935.799,0.070315
46.410,941.710,0.031186
46.420,940.454,0.018399
46.430,941.858,0.011616
46.440,957.538,0.008402
46.450,39.504,0.132306
46.460,55.202,0.005998
46.470,33.844,0.010394
46.480,33.167,0.047267
46.490,32.991,0.036302
46.500,32.286,0.064116
46.510,32.089,0.017611
46.520,432.738,0.016008
46.530,42.413,0.017240
46.540,42.552,0.043249
46.550,32.859,0.105630
46.560,32.784,0.120058
46.570,121.786,0.012367
46.580,642.769,0.029628
46.590,1111.715,0.003885
46.600,34.090,0.014156
46.610,35.921,0.012658
46.620,35.592,0.297372
46.630,33.347,0.073091
46.640,33.249,0.042015
46.650,40.274,0.041623
46.660,40.298,0.198670
46.670,32.793,0.009100
46.680,39.646,0.011035
46.690,39.927,0.012036
46.700,32.277,0.007012
46.710,55.739,0.029979
46.720,40.433,0.019410
46.730,55.742,0.011902
46.740,37.119,0.014621
46.750,36.361,0.024536
46.760,49.955,0.014831
46.770,51.573,0.013655
46.780,139.190,0.009731
46.790,56.460,0.002495
46.800,1837.836,0.006439
46.810,33.163,0.031731
46.820,32.880,0.017354
46.830,1320.669,0.011845
46.840,1235.729,0.018968
46.850,1237.292,0.018073
46.860,1312.264,0.007679
46.870,1317.581,0.005712
46.880,1319.849,0.008353
46.890,1983.635,0.012596
46.900,1985.135,0.046604
46.910,1976.659,0.015906
46.920,1962.331,0.008451
46.930,56.286,0.012533
46.940,1325.815,0.007624
46.950,1337.728,0.011869
46.960,1249.502,0.010477
46.970,34.707,0.006193
46.980,34.385,0.052961
46.990,39.473,0.049317
47.000,39.354,0.289368
47.010,39.124,0.063997
47.020,32.099,0.009861
47.030,32.058,0.004621
47.040,1117.885,0.005630
47.050,1703.626,0.008983
47.060,1208.212,0.007036
47.070,49.149,0.020736
47.080,47.852,0.011272
47.090,32.250,0.033161
47.100,32.824,0.017911
47.110,32.918,0.008055
47.120,33.672,0.062724
47.130,33.166,0.038611
47.140,78.607,0.013948
47.150,36.365,0.024482
47.160,36.014,0.026655
47.170,178.367,0.009747
47.180,32.792,0.029782
47.190,33.039,0.111479
47.200,78.037,0.014921
47.210,35.044,0.022808
47.220,34.833,0.080757
47.230,33.705,0.009642
47.240,32.777,0.031058
47.250,1855.593,0.025993
47.260,1853.891,0.046402
47.270,1867.478,0.019945
47.280,53.881,0.013162
47.290,54.395,0.033441
47.300,1863.796,0.012726
47.310,1870.686,0.011956
47.320,35.240,0.043402
47.330,33.932,0.009958
47.340,1220.057,0.019056
47.350,1224.257,0.018774
47.360,1235.858,0.009698
47.370,1236.726,0.002723
47.380,33.497,0.030246
47.390,33.767,0.092578
47.400,32.835,0.010294
47.410,45.984,0.013867
47.420,33.765,0.132945
47.430,34.232,0.232653
47.440,1324.760,0.015568
47.450,1071.281,0.004695
47.460,1984.177,0.005961
47.470,1988.553,0.005985
47.480,1992.033,0.005071
47.490,1990.394,0.002353
47.500,1051.406,0.001371
47.510,1052.883,0.001569
47.520,1052.778,0.000870
47.530,1053.284,0.001354
47.540,1426.888,0.003668
47.550,1429.366,0.011505
47.560,35.069,0.004149
47.570,35.018,0.009344
47.580,34.501,0.010189
47.590,967.272,0.004628
47.600,964.211,0.008095
47.610,965.239,0.004853
47.620,970.639,0.008882
47.630,1186.467,0.033864
47.640,1671.526,0.031806
47.650,1297.762,0.039815
47.660,1654.196,0.044484
47.670,1642.994,0.029389
47.680,1636.348,0.027772
47.690,1177.074,0.055032
47.700,1169.461,0.028518
47.710,1156.053,0.015008
47.720,1140.343,0.003822
47.730,1123.093,0.001193
47.740,551.583,0.000979
47.750,1094.603,0.000758
47.760,1090.046,0.001252
47.770,1086.343,0.001780
47.780,1079.242,0.001526
47.790,1073.395,0.001271
47.800,1065.669,0.001124
47.810,1063.062,0.001022
47.820,1062.851,0.001612
47.830,1063.684,0.002675
47.840,1066.759,0.001588
47.850,1065.855,0.002337
47.860,1056.148,0.013500
47.870,1076.030,0.002769
47.880,1149.159,0.004157
47.890,1969.085,0.003570
47.900,1962.746,0.009136
47.910,1931.558,0.013683
47.920,1288.555,0.016276
47.930,1337.535,0.016925
47.940,1340.079,0.082091
47.950,1336.389,0.140853
47.960,1332.752,0.195509
47.970,1333.811,0.224175
47.980,1331.776,0.151129
47.990,1322.873,0.109551
48.000,1308.092,0.082670
48.010,1303.862,0.074231
48.020,1297.480,0.082195
48.030,1304.156,0.160743
48.040,1304.368,0.096762
48.050,1305.842,0.049697
48.060,657.711,0.031353
48.070,1645.713,0.029965
48.080,1176.887,0.033034
48.090,1170.215,0.044626
48.100,1163.458,0.029967
48.110,1156.595,0.008193
48.120,1129.161,0.001604
48.130,548.962,0.001287
48.140,548.002,0.001237
48.150,1090.599,0.001414
48.160,1085.139,0.001425
48.170,1074.950,0.001383
48.180,1406.412,0.001571
48.190,1057.544,0.001173
48.200,1983.611,0.001873
48.210,1984.366,0.005688
48.220,1986.707,0.023800
48.230,1988.657,0.043861
48.240,1981.369,0.020199
48.250,1970.827,0.014612
48.260,1962.744,0.013402
48.270,1950.236,0.005575
48.280,1938.593,0.008358
48.290,1918.637,0.009171
48.300,1896.837,0.007932
48.310,1880.795,0.004288
48.320,1863.808,0.001687
48.330,1858.917,0.000659
48.340,1861.077,0.000359
48.350,1181.269,0.000997
48.360,1175.088,0.005239
48.370,1753.719,0.004355
48.380,1749.585,0.004009
48.390,1740.682,0.003440
48.400,1718.966,0.004505
48.410,1704.384,0.012054
48.420,1697.968,0.012652
48.430,1679.229,0.004805
48.440,1663.110,0.003045
48.450,1661.055,0.002990
48.460,1116.886,0.001936
48.470,1094.005,0.001738
48.480,1175.097,0.001538
48.490,1193.575,0.001739
48.500,1181.756,0.003977
48.510,883.626,0.006473
48.520,1159.931,0.017270
48.530,1114.145,0.009481
48.540,32.484,0.012024
48.550,33.386,0.006331
48.560,1099.640,0.028055
48.570,548.992,0.131791
48.580,553.151,0.024990
48.590,1953.514,0.014838
48.600,1969.059,0.032914
48.610,1973.128,0.024475
48.620,1971.398,0.012453
48.630,1958.136,0.006616
48.640,973.366,0.004696
48.650,1955.755,0.005366
48.660,1965.538,0.020633
48.670,1964.320,0.015022
48.680,1058.863,0.005422
48.690,978.209,0.003782
48.700,986.393,0.005727
48.710,1958.590,0.003904
48.720,1967.249,0.004292
48.730,1954.063,0.002667
48.740,975.624,0.004577
48.750,982.566,0.011792
48.760,1960.357,0.010206
48.770,1967.919,0.008921
48.780,1960.897,0.007090
48.790,975.528,0.004120
48.800,982.226,0.015401
48.810,1972.809,0.036364
48.820,1974.978,0.033024
48.830,1051.836,0.007917
48.840,1060.389,0.007104
48.850,1960.658,0.015412
48.860,1970.059,0.059103
48.870,1975.486,0.088678
48.880,1973.595,0.043228
48.890,1960.806,0.023924
48.900,1969.305,0.007741
48.910,1955.825,0.025721
48.920,1962.496,0.032769
48.930,1962.449,0.011149
48.940,1049.104,0.003602
48.950,1953.349,0.003399
48.960,1954.664,0.023019
48.970,1973.225,0.065335
48.980,1972.866,0.050172
48.990,1959.484,0.025039
49.000,1406.397,0.010122
49.010,976.242,0.006167
49.020,1948.172,0.006408
49.030,1946.366,0.012091
49.040,1963.836,0.002991
49.050,1399.959,0.002214
49.060,972.194,0.004575
49.070,1313.498,0.006282
49.080,393.314,0.009504
49.090,1311.119,0.008047
49.100,1200.456,0.008660
49.110,1192.666,0.007175
49.120,32.530,0.005148
49.130,32.851,0.037618
49.140,50.459,0.051622
49.150,34.223,0.175212
49.160,34.606,0.041037
49.170,35.247,0.016791
49.180,126.775,0.007269
49.190,34.152,0.007942
49.200,39.366,0.210652
49.210,39.747,0.315487
49.220,32.818,0.033606
49.230,33.091,0.149810
49.240,33.275,0.285229
49.250,33.793,0.190832
49.260,43.168,0.376930
49.270,42.736,0.192228
49.280,32.785,0.075103
49.290,33.531,0.151267
49.300,33.365,0.372804
49.310,34.077,0.096289
49.320,39.958,0.111975
49.330,41.025,0.010980
49.340,55.187,0.027962
49.350,55.236,0.042313
49.360,285.811,0.240743
49.370,287.484,0.060117
49.380,41.664,0.009511
49.390,397.645,0.021906
49.400,34.414,0.036935
49.410,33.115,0.180114
49.420,32.885,0.636615
49.430,33.719,0.500228
49.440,35.070,0.480754
49.450,34.993,0.646137
49.460,33.532,0.221397
49.470,33.010,0.064034
49.480,33.492,0.080893
49.490,34.175,0.122427
49.500,33.555,0.066461
49.510,33.219,0.076764
49.520,55.661,0.018114
49.530,141.037,0.038049
49.540,49.668,0.049893
49.550,32.779,0.136030
49.560,32.305,0.017700
49.570,35.580,0.029926
49.580,89.397,0.125530
49.590,90.457,0.033657
49.600,49.548,0.030982
49.610,32.085,0.039312
49.620,32.038,0.006102
49.630,35.538,0.006648
49.640,35.520,0.032142
49.650,139.128,0.030751
49.660,134.841,0.022801
49.670,32.872,0.027244
49.680,32.585,0.056531
49.690,54.600,0.016323
49.700,55.206,0.103378
49.710,56.653,0.057533
49.720,33.475,0.091577
49.730,32.409,0.151032
49.740,32.123,0.054155
49.750,51.081,0.013887
49.760,52.561,0.096857
49.770,53.925,0.068375
49.780,53.413,0.179181
49.790,53.449,0.107896
49.800,39.344,0.069280
49.810,39.176,0.449264
49.820,33.374,0.069597
49.830,32.405,0.019594
49.840,992.977,0.002975
49.850,32.989,0.005066
49.860,33.264,0.011937
49.870,33.849,0.088485
49.880,35.100,0.022752
49.890,55.294,0.015728
49.900,32.661,0.045676
49.910,163.161,0.011925
49.920,52.176,0.109017
49.930,36.154,0.168089
49.940,37.873,0.132667
49.950,40.642,0.016958
49.960,32.107,0.053335
49.970,32.365,0.011694
49.980,33.648,0.091288
49.990,34.008,0.069487
50.000,33.517,0.031273
50.010,55.634,0.042891
50.020,65.022,0.139534
50.030,32.322,0.176064
50.040,32.961,0.368787
50.050,34.021,0.654550
50.060,34.082,0.734479
50.070,33.755,0.138169
50.080,49.423,0.172904
50.090,33.268,0.024083
50.100,35.040,0.159169
50.110,36.113,0.157664
50.120,49.179,0.015534
50.130,32.052,0.068092
50.140,32.139,0.008510
50.150,32.283,0.003765
50.160,33.524,0.090550
50.170,32.275,0.229866
50.180,32.386,0.013606
50.190,55.235,0.018422
50.200,54.401,0.045717
50.210,32.139,0.021349
50.220,32.220,0.157551
50.230,32.125,0.151460
50.240,32.806,0.110461
50.250,39.483,0.125262
50.260,32.914,0.050042
50.270,33.388,0.378031
50.280,33.301,0.088032
50.290,35.376,0.012868
50.300,32.140,0.011371
50.310,32.087,0.043311
50.320,32.371,0.419097
50.330,32.559,0.465177
50.340,33.029,0.746548
50.350,32.742,0.071321
50.360,32.134,0.081463
50.370,32.323,0.018971
50.380,32.829,0.324674
50.390,32.635,0.150133
50.400,32.110,0.049389
50.410,32.139,0.027461
50.420,43.843,0.010264
